Date and Time (UTC),Receiver,Transmitter,Transmitter Name,Transmitter Serial,Sensor Value,Sensor Unit,Station Name,Latitude,Longitude
6/29/2017 19:16,VR2W-112754,A69-1601-46833,,,,,OCSD_Ref1,33.60906,-118.09771
6/29/2017 19:21,VR2W-112754,A69-1601-46833,,,,,OCSD_Ref1,33.60906,-118.09771
6/29/2017 19:21,VR2W-109191,A69-1601-46833,,,,,OCSD_Ref10,33.60199,-118.08996
6/29/2017 19:23,VR2W-109194,A69-1601-46833,,,,,OCSD_Ref6,33.60643,-118.09136
6/29/2017 19:23,VR2W-109172,A69-1601-46833,,,,,OCSD_Ref2,33.61088,-118.09277
6/29/2017 19:23,VR2W-112754,A69-1601-46833,,,,,OCSD_Ref1,33.60906,-118.09771
6/29/2017 19:23,VR2W-109198,A69-1601-46833,,,,,OCSD_Ref7,33.60824,-118.08643
6/29/2017 19:23,VR2W-109191,A69-1601-46833,,,,,OCSD_Ref10,33.60199,-118.08996
6/29/2017 19:23,VR2W-109155,A69-1601-46833,,,,,OCSD_Ref3,33.61269,-118.08784
6/29/2017 19:25,VR2W-109194,A69-1601-46833,,,,,OCSD_Ref6,33.60643,-118.09136
6/29/2017 19:25,VR2W-112754,A69-1601-46833,,,,,OCSD_Ref1,33.60906,-118.09771
6/29/2017 19:25,VR2W-109164,A69-1601-46833,,,,,OCSD_Ref11,33.60380,-118.08503
6/29/2017 19:25,VR2W-109198,A69-1601-46833,,,,,OCSD_Ref7,33.60824,-118.08643
6/29/2017 19:25,VR2W-122195,A69-1601-46833,,,,,OCSD_Ref5,33.60461,-118.09630
6/29/2017 19:25,VR2W-109155,A69-1601-46833,,,,,OCSD_Ref3,33.61269,-118.08784
6/29/2017 19:27,VR2W-109194,A69-1601-46833,,,,,OCSD_Ref6,33.60643,-118.09136
6/29/2017 19:27,VR2W-109172,A69-1601-46833,,,,,OCSD_Ref2,33.61088,-118.09277
6/29/2017 19:27,VR2W-109164,A69-1601-46833,,,,,OCSD_Ref11,33.60380,-118.08503
6/29/2017 19:27,VR2W-109198,A69-1601-46833,,,,,OCSD_Ref7,33.60824,-118.08643
6/29/2017 19:34,VR2W-109194,A69-1601-46833,,,,,OCSD_Ref6,33.60643,-118.09136
6/29/2017 19:35,VR2W-109172,A69-1601-46833,,,,,OCSD_Ref2,33.61088,-118.09277
6/29/2017 19:40,VR2W-109194,A69-1601-46833,,,,,OCSD_Ref6,33.60643,-118.09136
6/29/2017 19:40,VR2W-109172,A69-1601-46833,,,,,OCSD_Ref2,33.61088,-118.09277
6/29/2017 19:40,VR2W-109164,A69-1601-46833,,,,,OCSD_Ref11,33.60380,-118.08503
6/29/2017 19:40,VR2W-122195,A69-1601-46833,,,,,OCSD_Ref5,33.60461,-118.09630
6/29/2017 19:40,VR2W-109198,A69-1601-46833,,,,,OCSD_Ref7,33.60824,-118.08643
6/29/2017 19:40,VR2W-109155,A69-1601-46833,,,,,OCSD_Ref3,33.61269,-118.08784
6/29/2017 19:43,VR2W-112754,A69-1601-46833,,,,,OCSD_Ref1,33.60906,-118.09771
6/29/2017 19:47,VR2W-109167,A69-1601-46833,,,,,OCSD_Ref4,33.61451,-118.08290
6/29/2017 19:49,VR2W-109155,A69-1601-46833,,,,,OCSD_Ref3,33.61269,-118.08784
6/29/2017 19:53,VR2W-109167,A69-1601-46833,,,,,OCSD_Ref4,33.61451,-118.08290
6/29/2017 20:00,VR2W-109172,A69-1601-46833,,,,,OCSD_Ref2,33.61088,-118.09277
6/29/2017 20:00,VR2W-109194,A69-1601-46833,,,,,OCSD_Ref6,33.60643,-118.09136
6/29/2017 20:00,VR2W-112754,A69-1601-46833,,,,,OCSD_Ref1,33.60906,-118.09771
6/29/2017 20:00,VR2W-109198,A69-1601-46833,,,,,OCSD_Ref7,33.60824,-118.08643
6/29/2017 20:07,VR2W-109172,A69-1601-46833,,,,,OCSD_Ref2,33.61088,-118.09277
6/29/2017 20:07,VR2W-122195,A69-1601-46833,,,,,OCSD_Ref5,33.60461,-118.09630
6/29/2017 20:07,VR2W-109198,A69-1601-46833,,,,,OCSD_Ref7,33.60824,-118.08643
6/29/2017 20:07,VR2W-109155,A69-1601-46833,,,,,OCSD_Ref3,33.61269,-118.08784
6/29/2017 20:12,VR2W-109172,A69-1601-46833,,,,,OCSD_Ref2,33.61088,-118.09277
6/29/2017 20:12,VR2W-112754,A69-1601-46833,,,,,OCSD_Ref1,33.60906,-118.09771
6/29/2017 20:12,VR2W-109198,A69-1601-46833,,,,,OCSD_Ref7,33.60824,-118.08643
6/29/2017 20:12,VR2W-109155,A69-1601-46833,,,,,OCSD_Ref3,33.61269,-118.08784
6/29/2017 20:17,VR2W-109172,A69-1601-46833,,,,,OCSD_Ref2,33.61088,-118.09277
6/29/2017 20:21,VR2W-109172,A69-1601-46833,,,,,OCSD_Ref2,33.61088,-118.09277
6/29/2017 20:21,VR2W-112754,A69-1601-46833,,,,,OCSD_Ref1,33.60906,-118.09771
6/29/2017 20:21,VR2W-122195,A69-1601-46833,,,,,OCSD_Ref5,33.60461,-118.09630
6/29/2017 20:21,VR2W-109155,A69-1601-46833,,,,,OCSD_Ref3,33.61269,-118.08784
6/29/2017 20:26,VR2W-109172,A69-1601-46833,,,,,OCSD_Ref2,33.61088,-118.09277
6/29/2017 20:26,VR2W-112754,A69-1601-46833,,,,,OCSD_Ref1,33.60906,-118.09771
6/29/2017 20:26,VR2W-109155,A69-1601-46833,,,,,OCSD_Ref3,33.61269,-118.08784
6/29/2017 20:33,VR2W-109172,A69-1601-46833,,,,,OCSD_Ref2,33.61088,-118.09277
6/29/2017 20:33,VR2W-112754,A69-1601-46833,,,,,OCSD_Ref1,33.60906,-118.09771
6/29/2017 20:33,VR2W-109198,A69-1601-46833,,,,,OCSD_Ref7,33.60824,-118.08643
6/29/2017 20:33,VR2W-109155,A69-1601-46833,,,,,OCSD_Ref3,33.61269,-118.08784
6/29/2017 20:35,VR2W-109172,A69-1601-46833,,,,,OCSD_Ref2,33.61088,-118.09277
6/29/2017 20:35,VR2W-112754,A69-1601-46833,,,,,OCSD_Ref1,33.60906,-118.09771
6/29/2017 20:35,VR2W-109198,A69-1601-46833,,,,,OCSD_Ref7,33.60824,-118.08643
6/29/2017 20:37,VR2W-109172,A69-1601-46833,,,,,OCSD_Ref2,33.61088,-118.09277
6/29/2017 20:37,VR2W-112754,A69-1601-46833,,,,,OCSD_Ref1,33.60906,-118.09771
6/29/2017 20:43,VR2W-109172,A69-1601-46833,,,,,OCSD_Ref2,33.61088,-118.09277
6/29/2017 20:43,VR2W-112754,A69-1601-46833,,,,,OCSD_Ref1,33.60906,-118.09771
6/29/2017 20:43,VR2W-109167,A69-1601-46833,,,,,OCSD_Ref4,33.61451,-118.08290
6/29/2017 20:46,VR2W-109172,A69-1601-46833,,,,,OCSD_Ref2,33.61088,-118.09277
6/29/2017 20:46,VR2W-112754,A69-1601-46833,,,,,OCSD_Ref1,33.60906,-118.09771
6/29/2017 20:46,VR2W-109155,A69-1601-46833,,,,,OCSD_Ref3,33.61269,-118.08784
6/29/2017 20:49,VR2W-109172,A69-1601-46833,,,,,OCSD_Ref2,33.61088,-118.09277
6/29/2017 20:49,VR2W-112754,A69-1601-46833,,,,,OCSD_Ref1,33.60906,-118.09771
6/29/2017 20:51,VR2W-109172,A69-1601-46833,,,,,OCSD_Ref2,33.61088,-118.09277
6/29/2017 20:51,VR2W-112754,A69-1601-46833,,,,,OCSD_Ref1,33.60906,-118.09771
6/29/2017 20:51,VR2W-109155,A69-1601-46833,,,,,OCSD_Ref3,33.61269,-118.08784
6/29/2017 20:58,VR2W-109172,A69-1601-46833,,,,,OCSD_Ref2,33.61088,-118.09277
6/29/2017 21:05,VR2W-109172,A69-1601-46833,,,,,OCSD_Ref2,33.61088,-118.09277
6/29/2017 21:08,VR2W-109172,A69-1601-46833,,,,,OCSD_Ref2,33.61088,-118.09277
6/29/2017 21:10,VR2W-109172,A69-1601-46833,,,,,OCSD_Ref2,33.61088,-118.09277
6/29/2017 21:10,VR2W-112754,A69-1601-46833,,,,,OCSD_Ref1,33.60906,-118.09771
6/29/2017 21:12,VR2W-109172,A69-1601-46833,,,,,OCSD_Ref2,33.61088,-118.09277
6/29/2017 21:12,VR2W-112754,A69-1601-46833,,,,,OCSD_Ref1,33.60906,-118.09771
6/29/2017 21:15,VR2W-109155,A69-1601-46833,,,,,OCSD_Ref3,33.61269,-118.08784
6/29/2017 21:18,VR2W-109172,A69-1601-46833,,,,,OCSD_Ref2,33.61088,-118.09277
6/29/2017 21:18,VR2W-112754,A69-1601-46833,,,,,OCSD_Ref1,33.60906,-118.09771
6/29/2017 21:21,VR2W-109172,A69-1601-46833,,,,,OCSD_Ref2,33.61088,-118.09277
6/29/2017 21:21,VR2W-112754,A69-1601-46833,,,,,OCSD_Ref1,33.60906,-118.09771
6/29/2017 21:23,VR2W-109172,A69-1601-46833,,,,,OCSD_Ref2,33.61088,-118.09277
6/29/2017 21:23,VR2W-112754,A69-1601-46833,,,,,OCSD_Ref1,33.60906,-118.09771
6/29/2017 21:32,VR2W-112754,A69-1601-46833,,,,,OCSD_Ref1,33.60906,-118.09771
6/29/2017 21:38,VR2W-109172,A69-1601-46833,,,,,OCSD_Ref2,33.61088,-118.09277
6/29/2017 21:38,VR2W-109194,A69-1601-46833,,,,,OCSD_Ref6,33.60643,-118.09136
6/29/2017 21:38,VR2W-112754,A69-1601-46833,,,,,OCSD_Ref1,33.60906,-118.09771
6/29/2017 21:53,VR2W-112754,A69-1601-46833,,,,,OCSD_Ref1,33.60906,-118.09771
6/29/2017 21:55,VR2W-109194,A69-1601-46833,,,,,OCSD_Ref6,33.60643,-118.09136
6/29/2017 21:55,VR2W-112754,A69-1601-46833,,,,,OCSD_Ref1,33.60906,-118.09771
6/29/2017 21:58,VR2W-109172,A69-1601-46833,,,,,OCSD_Ref2,33.61088,-118.09277
6/29/2017 22:01,VR2W-109172,A69-1601-46833,,,,,OCSD_Ref2,33.61088,-118.09277
6/29/2017 22:01,VR2W-109194,A69-1601-46833,,,,,OCSD_Ref6,33.60643,-118.09136
6/29/2017 22:03,VR2W-109172,A69-1601-46833,,,,,OCSD_Ref2,33.61088,-118.09277
6/29/2017 22:03,VR2W-109194,A69-1601-46833,,,,,OCSD_Ref6,33.60643,-118.09136
6/29/2017 22:03,VR2W-109155,A69-1601-46833,,,,,OCSD_Ref3,33.61269,-118.08784
6/29/2017 22:05,VR2W-109155,A69-1601-46833,,,,,OCSD_Ref3,33.61269,-118.08784
6/29/2017 22:07,VR2W-112754,A69-1601-46833,,,,,OCSD_Ref1,33.60906,-118.09771
6/29/2017 22:08,VR2W-112754,A69-1601-46833,,,,,OCSD_Ref1,33.60906,-118.09771
6/29/2017 22:10,VR2W-109194,A69-1601-46833,,,,,OCSD_Ref6,33.60643,-118.09136
6/29/2017 22:12,VR2W-109155,A69-1601-46833,,,,,OCSD_Ref3,33.61269,-118.08784
6/29/2017 22:14,VR2W-109194,A69-1601-46833,,,,,OCSD_Ref6,33.60643,-118.09136
6/29/2017 22:14,VR2W-109155,A69-1601-46833,,,,,OCSD_Ref3,33.61269,-118.08784
6/29/2017 22:17,VR2W-109155,A69-1601-46833,,,,,OCSD_Ref3,33.61269,-118.08784
6/29/2017 22:22,VR2W-109172,A69-1601-46833,,,,,OCSD_Ref2,33.61088,-118.09277
6/29/2017 22:22,VR2W-109194,A69-1601-46833,,,,,OCSD_Ref6,33.60643,-118.09136
6/29/2017 22:22,VR2W-109198,A69-1601-46833,,,,,OCSD_Ref7,33.60824,-118.08643
6/29/2017 22:25,VR2W-109172,A69-1601-46833,,,,,OCSD_Ref2,33.61088,-118.09277
6/29/2017 22:25,VR2W-109194,A69-1601-46833,,,,,OCSD_Ref6,33.60643,-118.09136
6/29/2017 22:25,VR2W-109198,A69-1601-46833,,,,,OCSD_Ref7,33.60824,-118.08643
6/29/2017 22:27,VR2W-109172,A69-1601-46833,,,,,OCSD_Ref2,33.61088,-118.09277
6/29/2017 22:27,VR2W-109198,A69-1601-46833,,,,,OCSD_Ref7,33.60824,-118.08643
6/29/2017 22:27,VR2W-109155,A69-1601-46833,,,,,OCSD_Ref3,33.61269,-118.08784
6/29/2017 22:29,VR2W-109172,A69-1601-46833,,,,,OCSD_Ref2,33.61088,-118.09277
6/29/2017 22:29,VR2W-109194,A69-1601-46833,,,,,OCSD_Ref6,33.60643,-118.09136
6/29/2017 22:29,VR2W-122195,A69-1601-46833,,,,,OCSD_Ref5,33.60461,-118.09630
6/29/2017 22:29,VR2W-109198,A69-1601-46833,,,,,OCSD_Ref7,33.60824,-118.08643
6/29/2017 22:29,VR2W-109155,A69-1601-46833,,,,,OCSD_Ref3,33.61269,-118.08784
6/29/2017 22:32,VR2W-109172,A69-1601-46833,,,,,OCSD_Ref2,33.61088,-118.09277
6/29/2017 22:32,VR2W-109198,A69-1601-46833,,,,,OCSD_Ref7,33.60824,-118.08643
6/29/2017 22:32,VR2W-109155,A69-1601-46833,,,,,OCSD_Ref3,33.61269,-118.08784
6/29/2017 22:35,VR2W-109172,A69-1601-46833,,,,,OCSD_Ref2,33.61088,-118.09277
6/29/2017 22:35,VR2W-112754,A69-1601-46833,,,,,OCSD_Ref1,33.60906,-118.09771
6/29/2017 22:37,VR2W-109194,A69-1601-46833,,,,,OCSD_Ref6,33.60643,-118.09136
6/29/2017 22:37,VR2W-109198,A69-1601-46833,,,,,OCSD_Ref7,33.60824,-118.08643
6/29/2017 22:40,VR2W-109191,A69-1601-46833,,,,,OCSD_Ref10,33.60199,-118.08996
6/29/2017 22:47,VR2W-109198,A69-1601-46833,,,,,OCSD_Ref7,33.60824,-118.08643
6/29/2017 22:55,VR2W-109172,A69-1601-46833,,,,,OCSD_Ref2,33.61088,-118.09277
6/29/2017 22:55,VR2W-109194,A69-1601-46833,,,,,OCSD_Ref6,33.60643,-118.09136
6/29/2017 22:55,VR2W-109198,A69-1601-46833,,,,,OCSD_Ref7,33.60824,-118.08643
6/29/2017 22:57,VR2W-109194,A69-1601-46833,,,,,OCSD_Ref6,33.60643,-118.09136
6/29/2017 22:57,VR2W-109172,A69-1601-46833,,,,,OCSD_Ref2,33.61088,-118.09277
6/29/2017 22:57,VR2W-109198,A69-1601-46833,,,,,OCSD_Ref7,33.60824,-118.08643
6/29/2017 22:57,VR2W-109155,A69-1601-46833,,,,,OCSD_Ref3,33.61269,-118.08784
6/29/2017 23:03,VR2W-109194,A69-1601-46833,,,,,OCSD_Ref6,33.60643,-118.09136
6/29/2017 23:03,VR2W-109172,A69-1601-46833,,,,,OCSD_Ref2,33.61088,-118.09277
6/29/2017 23:06,VR2W-109194,A69-1601-46833,,,,,OCSD_Ref6,33.60643,-118.09136
6/29/2017 23:09,VR2W-109194,A69-1601-46833,,,,,OCSD_Ref6,33.60643,-118.09136
6/29/2017 23:11,VR2W-109194,A69-1601-46833,,,,,OCSD_Ref6,33.60643,-118.09136
6/29/2017 23:11,VR2W-109198,A69-1601-46833,,,,,OCSD_Ref7,33.60824,-118.08643
6/29/2017 23:18,VR2W-109194,A69-1601-46833,,,,,OCSD_Ref6,33.60643,-118.09136
6/29/2017 23:18,VR2W-109198,A69-1601-46833,,,,,OCSD_Ref7,33.60824,-118.08643
6/29/2017 23:18,VR2W-109191,A69-1601-46833,,,,,OCSD_Ref10,33.60199,-118.08996
6/29/2017 23:18,VR2W-126022,A69-1601-46833,,,,,OCSD_Ref8,33.61006,-118.08149
6/29/2017 23:20,VR2W-109194,A69-1601-46833,,,,,OCSD_Ref6,33.60643,-118.09136
6/29/2017 23:20,VR2W-109198,A69-1601-46833,,,,,OCSD_Ref7,33.60824,-118.08643
6/29/2017 23:20,VR2W-109191,A69-1601-46833,,,,,OCSD_Ref10,33.60199,-118.08996
6/29/2017 23:27,VR2W-109194,A69-1601-46833,,,,,OCSD_Ref6,33.60643,-118.09136
6/29/2017 23:27,VR2W-109164,A69-1601-46833,,,,,OCSD_Ref11,33.60380,-118.08503
6/29/2017 23:28,VR2W-109198,A69-1601-46833,,,,,OCSD_Ref7,33.60824,-118.08643
6/29/2017 23:28,VR2W-109191,A69-1601-46833,,,,,OCSD_Ref10,33.60199,-118.08996
6/29/2017 23:28,VR2W-109155,A69-1601-46833,,,,,OCSD_Ref3,33.61269,-118.08784
6/29/2017 23:30,VR2W-109194,A69-1601-46833,,,,,OCSD_Ref6,33.60643,-118.09136
6/29/2017 23:30,VR2W-109164,A69-1601-46833,,,,,OCSD_Ref11,33.60380,-118.08503
6/29/2017 23:30,VR2W-109198,A69-1601-46833,,,,,OCSD_Ref7,33.60824,-118.08643
6/29/2017 23:30,VR2W-109191,A69-1601-46833,,,,,OCSD_Ref10,33.60199,-118.08996
6/29/2017 23:33,VR2W-109164,A69-1601-46833,,,,,OCSD_Ref11,33.60380,-118.08503
6/29/2017 23:33,VR2W-109191,A69-1601-46833,,,,,OCSD_Ref10,33.60199,-118.08996
6/29/2017 23:36,VR2W-109191,A69-1601-46833,,,,,OCSD_Ref10,33.60199,-118.08996
6/29/2017 23:38,VR2W-109164,A69-1601-46833,,,,,OCSD_Ref11,33.60380,-118.08503
6/29/2017 23:38,VR2W-109191,A69-1601-46833,,,,,OCSD_Ref10,33.60199,-118.08996
6/29/2017 23:40,VR2W-109164,A69-1601-46833,,,,,OCSD_Ref11,33.60380,-118.08503
6/29/2017 23:40,VR2W-109191,A69-1601-46833,,,,,OCSD_Ref10,33.60199,-118.08996
6/29/2017 23:43,VR2W-109191,A69-1601-46833,,,,,OCSD_Ref10,33.60199,-118.08996
6/29/2017 23:46,VR2W-109164,A69-1601-46833,,,,,OCSD_Ref11,33.60380,-118.08503
6/29/2017 23:46,VR2W-109191,A69-1601-46833,,,,,OCSD_Ref10,33.60199,-118.08996
6/29/2017 23:48,VR2W-109164,A69-1601-46833,,,,,OCSD_Ref11,33.60380,-118.08503
6/29/2017 23:48,VR2W-109191,A69-1601-46833,,,,,OCSD_Ref10,33.60199,-118.08996
6/29/2017 23:50,VR2W-109164,A69-1601-46833,,,,,OCSD_Ref11,33.60380,-118.08503
6/29/2017 23:50,VR2W-109191,A69-1601-46833,,,,,OCSD_Ref10,33.60199,-118.08996
6/29/2017 23:55,VR2W-109164,A69-1601-46833,,,,,OCSD_Ref11,33.60380,-118.08503
6/29/2017 23:57,VR2W-109164,A69-1601-46833,,,,,OCSD_Ref11,33.60380,-118.08503
6/30/2017 00:02,VR2W-109164,A69-1601-46833,,,,,OCSD_Ref11,33.60380,-118.08503
6/30/2017 00:07,VR2W-109164,A69-1601-46833,,,,,OCSD_Ref11,33.60380,-118.08503
6/30/2017 00:10,VR2W-109164,A69-1601-46833,,,,,OCSD_Ref11,33.60380,-118.08503
6/30/2017 00:12,VR2W-109191,A69-1601-46833,,,,,OCSD_Ref10,33.60199,-118.08996
6/30/2017 00:15,VR2W-109164,A69-1601-46833,,,,,OCSD_Ref11,33.60380,-118.08503
6/30/2017 00:17,VR2W-109191,A69-1601-46833,,,,,OCSD_Ref10,33.60199,-118.08996
6/30/2017 00:20,VR2W-109164,A69-1601-46833,,,,,OCSD_Ref11,33.60380,-118.08503
6/30/2017 00:20,VR2W-109191,A69-1601-46833,,,,,OCSD_Ref10,33.60199,-118.08996
6/30/2017 00:22,VR2W-109191,A69-1601-46833,,,,,OCSD_Ref10,33.60199,-118.08996
6/30/2017 00:28,VR2W-109164,A69-1601-46833,,,,,OCSD_Ref11,33.60380,-118.08503
6/30/2017 00:34,VR2W-109191,A69-1601-46833,,,,,OCSD_Ref10,33.60199,-118.08996
6/30/2017 00:41,VR2W-109191,A69-1601-46833,,,,,OCSD_Ref10,33.60199,-118.08996
6/30/2017 00:49,VR2W-109191,A69-1601-46833,,,,,OCSD_Ref10,33.60199,-118.08996
6/30/2017 01:13,VR2W-109164,A69-1601-46833,,,,,OCSD_Ref11,33.60380,-118.08503
6/30/2017 01:29,VR2W-109164,A69-1601-46833,,,,,OCSD_Ref11,33.60380,-118.08503
6/30/2017 01:29,VR2W-109171,A69-1601-46833,,,,,OCSD_Ref9,33.60017,-118.09490
6/30/2017 01:56,VR2W-109164,A69-1601-46833,,,,,OCSD_Ref11,33.60380,-118.08503
6/30/2017 01:59,VR2W-109164,A69-1601-46833,,,,,OCSD_Ref11,33.60380,-118.08503
6/30/2017 02:03,VR2W-109164,A69-1601-46833,,,,,OCSD_Ref11,33.60380,-118.08503
6/30/2017 02:08,VR2W-109164,A69-1601-46833,,,,,OCSD_Ref11,33.60380,-118.08503
6/30/2017 02:10,VR2W-109164,A69-1601-46833,,,,,OCSD_Ref11,33.60380,-118.08503
6/30/2017 02:13,VR2W-109164,A69-1601-46833,,,,,OCSD_Ref11,33.60380,-118.08503
6/30/2017 02:33,VR2W-109164,A69-1601-46833,,,,,OCSD_Ref11,33.60380,-118.08503
6/30/2017 03:06,VR2W-109164,A69-1601-46833,,,,,OCSD_Ref11,33.60380,-118.08503
6/30/2017 03:09,VR2W-109191,A69-1601-46833,,,,,OCSD_Ref10,33.60199,-118.08996
6/30/2017 03:14,VR2W-109171,A69-1601-46833,,,,,OCSD_Ref9,33.60017,-118.09490
6/30/2017 03:19,VR2W-109164,A69-1601-46833,,,,,OCSD_Ref11,33.60380,-118.08503
6/30/2017 03:28,VR2W-109191,A69-1601-46833,,,,,OCSD_Ref10,33.60199,-118.08996
6/30/2017 03:34,VR2W-109164,A69-1601-46833,,,,,OCSD_Ref11,33.60380,-118.08503
6/30/2017 03:45,VR2W-109171,A69-1601-46833,,,,,OCSD_Ref9,33.60017,-118.09490
6/30/2017 03:47,VR2W-109171,A69-1601-46833,,,,,OCSD_Ref9,33.60017,-118.09490
6/30/2017 04:03,VR2W-109164,A69-1601-46833,,,,,OCSD_Ref11,33.60380,-118.08503
6/30/2017 04:06,VR2W-109171,A69-1601-46833,,,,,OCSD_Ref9,33.60017,-118.09490
6/30/2017 04:12,VR2W-109164,A69-1601-46833,,,,,OCSD_Ref11,33.60380,-118.08503
6/30/2017 04:17,VR2W-109164,A69-1601-46833,,,,,OCSD_Ref11,33.60380,-118.08503
6/30/2017 04:19,VR2W-109164,A69-1601-46833,,,,,OCSD_Ref11,33.60380,-118.08503
6/30/2017 04:21,VR2W-109194,A69-1601-46833,,,,,OCSD_Ref6,33.60643,-118.09136
6/30/2017 04:24,VR2W-109164,A69-1601-46833,,,,,OCSD_Ref11,33.60380,-118.08503
6/30/2017 04:31,VR2W-109164,A69-1601-46833,,,,,OCSD_Ref11,33.60380,-118.08503
6/30/2017 04:34,VR2W-109164,A69-1601-46833,,,,,OCSD_Ref11,33.60380,-118.08503
6/30/2017 04:34,VR2W-109180,A69-1601-46833,,,,,OCSD_Ref12,33.60562,-118.08009
6/30/2017 04:35,VR2W-109164,A69-1601-46833,,,,,OCSD_Ref11,33.60380,-118.08503
6/30/2017 04:35,VR2W-109198,A69-1601-46833,,,,,OCSD_Ref7,33.60824,-118.08643
6/30/2017 04:35,VR2W-126022,A69-1601-46833,,,,,OCSD_Ref8,33.61006,-118.08149
6/30/2017 04:39,VR2W-109164,A69-1601-46833,,,,,OCSD_Ref11,33.60380,-118.08503
6/30/2017 04:41,VR2W-109164,A69-1601-46833,,,,,OCSD_Ref11,33.60380,-118.08503
6/30/2017 04:46,VR2W-109164,A69-1601-46833,,,,,OCSD_Ref11,33.60380,-118.08503
6/30/2017 04:57,VR2W-109164,A69-1601-46833,,,,,OCSD_Ref11,33.60380,-118.08503
6/30/2017 05:00,VR2W-109171,A69-1601-46833,,,,,OCSD_Ref9,33.60017,-118.09490
6/30/2017 05:03,VR2W-109164,A69-1601-46833,,,,,OCSD_Ref11,33.60380,-118.08503
6/30/2017 05:06,VR2W-109180,A69-1601-46833,,,,,OCSD_Ref12,33.60562,-118.08009
6/30/2017 05:12,VR2W-109164,A69-1601-46833,,,,,OCSD_Ref11,33.60380,-118.08503
6/30/2017 05:16,VR2W-109164,A69-1601-46833,,,,,OCSD_Ref11,33.60380,-118.08503
6/30/2017 05:16,VR2W-109180,A69-1601-46833,,,,,OCSD_Ref12,33.60562,-118.08009
6/30/2017 05:21,VR2W-109164,A69-1601-46833,,,,,OCSD_Ref11,33.60380,-118.08503
6/30/2017 05:31,VR2W-109164,A69-1601-46833,,,,,OCSD_Ref11,33.60380,-118.08503
6/30/2017 05:34,VR2W-109164,A69-1601-46833,,,,,OCSD_Ref11,33.60380,-118.08503
6/30/2017 05:34,VR2W-109180,A69-1601-46833,,,,,OCSD_Ref12,33.60562,-118.08009
6/30/2017 05:39,VR2W-109164,A69-1601-46833,,,,,OCSD_Ref11,33.60380,-118.08503
6/30/2017 05:39,VR2W-109180,A69-1601-46833,,,,,OCSD_Ref12,33.60562,-118.08009
6/30/2017 05:41,VR2W-109164,A69-1601-46833,,,,,OCSD_Ref11,33.60380,-118.08503
6/30/2017 05:41,VR2W-109180,A69-1601-46833,,,,,OCSD_Ref12,33.60562,-118.08009
6/30/2017 05:41,VR2W-109198,A69-1601-46833,,,,,OCSD_Ref7,33.60824,-118.08643
6/30/2017 05:41,VR2W-126022,A69-1601-46833,,,,,OCSD_Ref8,33.61006,-118.08149
6/30/2017 05:43,VR2W-109164,A69-1601-46833,,,,,OCSD_Ref11,33.60380,-118.08503
6/30/2017 05:43,VR2W-109191,A69-1601-46833,,,,,OCSD_Ref10,33.60199,-118.08996
6/30/2017 05:46,VR2W-109164,A69-1601-46833,,,,,OCSD_Ref11,33.60380,-118.08503
6/30/2017 05:49,VR2W-109164,A69-1601-46833,,,,,OCSD_Ref11,33.60380,-118.08503
6/30/2017 05:52,VR2W-109164,A69-1601-46833,,,,,OCSD_Ref11,33.60380,-118.08503
6/30/2017 05:54,VR2W-109164,A69-1601-46833,,,,,OCSD_Ref11,33.60380,-118.08503
6/30/2017 05:54,VR2W-109198,A69-1601-46833,,,,,OCSD_Ref7,33.60824,-118.08643
6/30/2017 05:57,VR2W-109180,A69-1601-46833,,,,,OCSD_Ref12,33.60562,-118.08009
6/30/2017 06:00,VR2W-109164,A69-1601-46833,,,,,OCSD_Ref11,33.60380,-118.08503
6/30/2017 06:01,VR2W-109164,A69-1601-46833,,,,,OCSD_Ref11,33.60380,-118.08503
6/30/2017 06:01,VR2W-109180,A69-1601-46833,,,,,OCSD_Ref12,33.60562,-118.08009
6/30/2017 06:03,VR2W-109164,A69-1601-46833,,,,,OCSD_Ref11,33.60380,-118.08503
6/30/2017 06:05,VR2W-109164,A69-1601-46833,,,,,OCSD_Ref11,33.60380,-118.08503
6/30/2017 06:05,VR2W-109180,A69-1601-46833,,,,,OCSD_Ref12,33.60562,-118.08009
6/30/2017 06:08,VR2W-109164,A69-1601-46833,,,,,OCSD_Ref11,33.60380,-118.08503
6/30/2017 06:08,VR2W-109180,A69-1601-46833,,,,,OCSD_Ref12,33.60562,-118.08009
6/30/2017 06:10,VR2W-109164,A69-1601-46833,,,,,OCSD_Ref11,33.60380,-118.08503
6/30/2017 06:10,VR2W-109180,A69-1601-46833,,,,,OCSD_Ref12,33.60562,-118.08009
6/30/2017 06:10,VR2W-109191,A69-1601-46833,,,,,OCSD_Ref10,33.60199,-118.08996
6/30/2017 06:12,VR2W-109164,A69-1601-46833,,,,,OCSD_Ref11,33.60380,-118.08503
6/30/2017 06:12,VR2W-109180,A69-1601-46833,,,,,OCSD_Ref12,33.60562,-118.08009
6/30/2017 06:19,VR2W-109164,A69-1601-46833,,,,,OCSD_Ref11,33.60380,-118.08503
6/30/2017 06:19,VR2W-109180,A69-1601-46833,,,,,OCSD_Ref12,33.60562,-118.08009
6/30/2017 06:21,VR2W-109180,A69-1601-46833,,,,,OCSD_Ref12,33.60562,-118.08009
6/30/2017 06:24,VR2W-109164,A69-1601-46833,,,,,OCSD_Ref11,33.60380,-118.08503
6/30/2017 06:28,VR2W-109164,A69-1601-46833,,,,,OCSD_Ref11,33.60380,-118.08503
6/30/2017 06:28,VR2W-109198,A69-1601-46833,,,,,OCSD_Ref7,33.60824,-118.08643
6/30/2017 06:31,VR2W-109164,A69-1601-46833,,,,,OCSD_Ref11,33.60380,-118.08503
6/30/2017 06:31,VR2W-109180,A69-1601-46833,,,,,OCSD_Ref12,33.60562,-118.08009
6/30/2017 06:33,VR2W-109164,A69-1601-46833,,,,,OCSD_Ref11,33.60380,-118.08503
6/30/2017 06:33,VR2W-109180,A69-1601-46833,,,,,OCSD_Ref12,33.60562,-118.08009
6/30/2017 06:35,VR2W-109164,A69-1601-46833,,,,,OCSD_Ref11,33.60380,-118.08503
6/30/2017 06:35,VR2W-109180,A69-1601-46833,,,,,OCSD_Ref12,33.60562,-118.08009
6/30/2017 06:35,VR2W-126022,A69-1601-46833,,,,,OCSD_Ref8,33.61006,-118.08149
6/30/2017 06:38,VR2W-109164,A69-1601-46833,,,,,OCSD_Ref11,33.60380,-118.08503
6/30/2017 06:38,VR2W-109180,A69-1601-46833,,,,,OCSD_Ref12,33.60562,-118.08009
6/30/2017 06:38,VR2W-126022,A69-1601-46833,,,,,OCSD_Ref8,33.61006,-118.08149
6/30/2017 06:41,VR2W-109164,A69-1601-46833,,,,,OCSD_Ref11,33.60380,-118.08503
6/30/2017 06:41,VR2W-109180,A69-1601-46833,,,,,OCSD_Ref12,33.60562,-118.08009
6/30/2017 06:41,VR2W-109198,A69-1601-46833,,,,,OCSD_Ref7,33.60824,-118.08643
6/30/2017 06:49,VR2W-126022,A69-1601-46833,,,,,OCSD_Ref8,33.61006,-118.08149
6/30/2017 06:51,VR2W-109164,A69-1601-46833,,,,,OCSD_Ref11,33.60380,-118.08503
6/30/2017 06:51,VR2W-109180,A69-1601-46833,,,,,OCSD_Ref12,33.60562,-118.08009
6/30/2017 06:51,VR2W-126022,A69-1601-46833,,,,,OCSD_Ref8,33.61006,-118.08149
6/30/2017 06:53,VR2W-109164,A69-1601-46833,,,,,OCSD_Ref11,33.60380,-118.08503
6/30/2017 06:53,VR2W-109180,A69-1601-46833,,,,,OCSD_Ref12,33.60562,-118.08009
6/30/2017 06:55,VR2W-109164,A69-1601-46833,,,,,OCSD_Ref11,33.60380,-118.08503
6/30/2017 06:55,VR2W-109180,A69-1601-46833,,,,,OCSD_Ref12,33.60562,-118.08009
6/30/2017 06:55,VR2W-109198,A69-1601-46833,,,,,OCSD_Ref7,33.60824,-118.08643
6/30/2017 06:57,VR2W-109180,A69-1601-46833,,,,,OCSD_Ref12,33.60562,-118.08009
6/30/2017 06:57,VR2W-126022,A69-1601-46833,,,,,OCSD_Ref8,33.61006,-118.08149
6/30/2017 07:02,VR2W-109180,A69-1601-46833,,,,,OCSD_Ref12,33.60562,-118.08009
6/30/2017 07:05,VR2W-109180,A69-1601-46833,,,,,OCSD_Ref12,33.60562,-118.08009
6/30/2017 07:08,VR2W-109180,A69-1601-46833,,,,,OCSD_Ref12,33.60562,-118.08009
6/30/2017 07:11,VR2W-126022,A69-1601-46833,,,,,OCSD_Ref8,33.61006,-118.08149
6/30/2017 07:14,VR2W-109180,A69-1601-46833,,,,,OCSD_Ref12,33.60562,-118.08009
6/30/2017 07:14,VR2W-109164,A69-1601-46833,,,,,OCSD_Ref11,33.60380,-118.08503
6/30/2017 07:21,VR2W-109180,A69-1601-46833,,,,,OCSD_Ref12,33.60562,-118.08009
6/30/2017 07:24,VR2W-109180,A69-1601-46833,,,,,OCSD_Ref12,33.60562,-118.08009
6/30/2017 07:27,VR2W-109180,A69-1601-46833,,,,,OCSD_Ref12,33.60562,-118.08009
6/30/2017 07:27,VR2W-109198,A69-1601-46833,,,,,OCSD_Ref7,33.60824,-118.08643
6/30/2017 07:29,VR2W-109180,A69-1601-46833,,,,,OCSD_Ref12,33.60562,-118.08009
6/30/2017 07:29,VR2W-126022,A69-1601-46833,,,,,OCSD_Ref8,33.61006,-118.08149
6/30/2017 07:34,VR2W-126022,A69-1601-46833,,,,,OCSD_Ref8,33.61006,-118.08149
6/30/2017 07:40,VR2W-109180,A69-1601-46833,,,,,OCSD_Ref12,33.60562,-118.08009
6/30/2017 07:44,VR2W-109180,A69-1601-46833,,,,,OCSD_Ref12,33.60562,-118.08009
6/30/2017 07:46,VR2W-109180,A69-1601-46833,,,,,OCSD_Ref12,33.60562,-118.08009
6/30/2017 07:46,VR2W-126022,A69-1601-46833,,,,,OCSD_Ref8,33.61006,-118.08149
6/30/2017 07:47,VR2W-109180,A69-1601-46833,,,,,OCSD_Ref12,33.60562,-118.08009
6/30/2017 07:49,VR2W-109180,A69-1601-46833,,,,,OCSD_Ref12,33.60562,-118.08009
6/30/2017 07:52,VR2W-109180,A69-1601-46833,,,,,OCSD_Ref12,33.60562,-118.08009
6/30/2017 07:52,VR2W-126022,A69-1601-46833,,,,,OCSD_Ref8,33.61006,-118.08149
6/30/2017 07:58,VR2W-109180,A69-1601-46833,,,,,OCSD_Ref12,33.60562,-118.08009
6/30/2017 08:00,VR2W-109180,A69-1601-46833,,,,,OCSD_Ref12,33.60562,-118.08009
6/30/2017 08:00,VR2W-126022,A69-1601-46833,,,,,OCSD_Ref8,33.61006,-118.08149
6/30/2017 08:08,VR2W-109180,A69-1601-46833,,,,,OCSD_Ref12,33.60562,-118.08009
6/30/2017 08:16,VR2W-109180,A69-1601-46833,,,,,OCSD_Ref12,33.60562,-118.08009
6/30/2017 09:12,VR2W-109180,A69-1601-46833,,,,,OCSD_Ref12,33.60562,-118.08009
7/4/2017 07:33,VR2W-114013,A69-1601-46833,,,,,OCSD_21,33.57683,-118.01680
7/4/2017 07:35,VR2W-129551,A69-1601-46833,,,,,OCSD_16,33.58080,-118.01430
7/4/2017 07:35,VR2W-114013,A69-1601-46833,,,,,OCSD_21,33.57683,-118.01680
7/4/2017 07:41,VR2W-114013,A69-1601-46833,,,,,OCSD_21,33.57683,-118.01680
7/4/2017 07:43,VR2W-129551,A69-1601-46833,,,,,OCSD_16,33.58080,-118.01430
7/4/2017 07:43,VR2W-114013,A69-1601-46833,,,,,OCSD_21,33.57683,-118.01680
7/4/2017 08:05,VR2W-129551,A69-1601-46833,,,,,OCSD_16,33.58080,-118.01430
7/4/2017 08:21,VR2W-110680,A69-1601-46833,,,,,OCSD_22,33.57503,-118.01190
7/4/2017 08:21,VR2W-103955,A69-1601-46833,,,,,OCSD_17,33.57900,-118.00940
7/4/2017 08:21,VR2W-129551,A69-1601-46833,,,,,OCSD_16,33.58080,-118.01430
7/4/2017 08:21,VR2W-114013,A69-1601-46833,,,,,OCSD_21,33.57683,-118.01680
7/4/2017 08:27,VR2W-114013,A69-1601-46833,,,,,OCSD_21,33.57683,-118.01680
7/4/2017 08:35,VR2W-110680,A69-1601-46833,,,,,OCSD_22,33.57503,-118.01190
7/4/2017 08:45,VR2W-103955,A69-1601-46833,,,,,OCSD_17,33.57900,-118.00940
7/4/2017 08:45,VR2W-114013,A69-1601-46833,,,,,OCSD_21,33.57683,-118.01680
7/4/2017 08:50,VR2W-110680,A69-1601-46833,,,,,OCSD_22,33.57503,-118.01190
7/4/2017 08:50,VR2W-129551,A69-1601-46833,,,,,OCSD_16,33.58080,-118.01430
7/4/2017 08:57,VR2W-110680,A69-1601-46833,,,,,OCSD_22,33.57503,-118.01190
7/4/2017 08:57,VR2W-129551,A69-1601-46833,,,,,OCSD_16,33.58080,-118.01430
7/4/2017 08:57,VR2W-114013,A69-1601-46833,,,,,OCSD_21,33.57683,-118.01680
7/4/2017 09:07,VR2W-110680,A69-1601-46833,,,,,OCSD_22,33.57503,-118.01190
7/4/2017 09:07,VR2W-103955,A69-1601-46833,,,,,OCSD_17,33.57900,-118.00940
7/4/2017 09:07,VR2W-129551,A69-1601-46833,,,,,OCSD_16,33.58080,-118.01430
7/4/2017 09:07,VR2W-114013,A69-1601-46833,,,,,OCSD_21,33.57683,-118.01680
7/4/2017 09:11,VR2W-110680,A69-1601-46833,,,,,OCSD_22,33.57503,-118.01190
7/4/2017 09:11,VR2W-114013,A69-1601-46833,,,,,OCSD_21,33.57683,-118.01680
7/4/2017 09:22,VR2W-110680,A69-1601-46833,,,,,OCSD_22,33.57503,-118.01190
7/4/2017 09:32,VR2W-129551,A69-1601-46833,,,,,OCSD_16,33.58080,-118.01430
7/4/2017 09:35,VR2W-114013,A69-1601-46833,,,,,OCSD_21,33.57683,-118.01680
7/4/2017 09:43,VR2W-110680,A69-1601-46833,,,,,OCSD_22,33.57503,-118.01190
7/4/2017 09:43,VR2W-114013,A69-1601-46833,,,,,OCSD_21,33.57683,-118.01680
7/4/2017 09:51,VR2W-110680,A69-1601-46833,,,,,OCSD_22,33.57503,-118.01190
7/4/2017 09:51,VR2W-114013,A69-1601-46833,,,,,OCSD_21,33.57683,-118.01680
7/4/2017 11:17,VR2W-109186,A69-1601-46833,,,,,OCSD_24,33.57142,-118.00200
7/4/2017 11:19,VR2W-109186,A69-1601-46833,,,,,OCSD_24,33.57142,-118.00200
7/4/2017 11:33,VR2W-109186,A69-1601-46833,,,,,OCSD_24,33.57142,-118.00200
7/4/2017 11:46,VR2W-109186,A69-1601-46833,,,,,OCSD_24,33.57142,-118.00200
7/4/2017 11:48,VR2W-109186,A69-1601-46833,,,,,OCSD_24,33.57142,-118.00200
7/4/2017 11:51,VR2W-109186,A69-1601-46833,,,,,OCSD_24,33.57142,-118.00200
7/4/2017 12:10,VR2W-109186,A69-1601-46833,,,,,OCSD_24,33.57142,-118.00200
7/4/2017 12:13,VR2W-109196,A69-1601-46833,,,,,OCSD_19,33.57539,-117.99950
7/4/2017 12:16,VR2W-109186,A69-1601-46833,,,,,OCSD_24,33.57142,-118.00200
7/4/2017 12:18,VR2W-109186,A69-1601-46833,,,,,OCSD_24,33.57142,-118.00200
7/4/2017 12:25,VR2W-109201,A69-1601-46833,,,,,OCSD_20,33.57358,-117.99450
7/4/2017 12:45,VR2W-109186,A69-1601-46833,,,,,OCSD_24,33.57142,-118.00200
7/4/2017 12:45,VR2W-109201,A69-1601-46833,,,,,OCSD_20,33.57358,-117.99450
7/17/2017 07:35,VR2W-109156,A69-1601-46833,,,,,OCSD_15,33.57755,-117.99200
7/17/2017 07:56,VR2W-109156,A69-1601-46833,,,,,OCSD_15,33.57755,-117.99200
7/17/2017 08:18,VR2W-109156,A69-1601-46833,,,,,OCSD_15,33.57755,-117.99200
7/17/2017 08:19,VR2W-109201,A69-1601-46833,,,,,OCSD_20,33.57358,-117.99450
7/17/2017 08:27,VR2W-109156,A69-1601-46833,,,,,OCSD_15,33.57755,-117.99200
7/17/2017 08:28,VR2W-109156,A69-1601-46833,,,,,OCSD_15,33.57755,-117.99200
7/17/2017 08:32,VR2W-109156,A69-1601-46833,,,,,OCSD_15,33.57755,-117.99200
7/17/2017 08:41,VR2W-109201,A69-1601-46833,,,,,OCSD_20,33.57358,-117.99450
7/17/2017 08:44,VR2W-109156,A69-1601-46833,,,,,OCSD_15,33.57755,-117.99200
7/17/2017 08:48,VR2W-109156,A69-1601-46833,,,,,OCSD_15,33.57755,-117.99200
7/17/2017 08:53,VR2W-109156,A69-1601-46833,,,,,OCSD_15,33.57755,-117.99200
7/17/2017 08:53,VR2W-114012,A69-1601-46833,,,,,OCSD_10,33.58151,-117.98940
7/17/2017 08:55,VR2W-109156,A69-1601-46833,,,,,OCSD_15,33.57755,-117.99200
7/17/2017 09:03,VR2W-109156,A69-1601-46833,,,,,OCSD_15,33.57755,-117.99200
7/17/2017 09:05,VR2W-114012,A69-1601-46833,,,,,OCSD_10,33.58151,-117.98940
7/17/2017 09:15,VR2W-114012,A69-1601-46833,,,,,OCSD_10,33.58151,-117.98940
7/17/2017 09:17,VR2W-109156,A69-1601-46833,,,,,OCSD_15,33.57755,-117.99200
7/17/2017 09:20,VR2W-109156,A69-1601-46833,,,,,OCSD_15,33.57755,-117.99200
7/17/2017 09:22,VR2W-109156,A69-1601-46833,,,,,OCSD_15,33.57755,-117.99200
7/17/2017 09:25,VR2W-109156,A69-1601-46833,,,,,OCSD_15,33.57755,-117.99200
7/17/2017 09:27,VR2W-109156,A69-1601-46833,,,,,OCSD_15,33.57755,-117.99200
7/17/2017 09:30,VR2W-109156,A69-1601-46833,,,,,OCSD_15,33.57755,-117.99200
7/17/2017 09:30,VR2W-114012,A69-1601-46833,,,,,OCSD_10,33.58151,-117.98940
7/17/2017 09:33,VR2W-109156,A69-1601-46833,,,,,OCSD_15,33.57755,-117.99200
7/17/2017 09:33,VR2W-114012,A69-1601-46833,,,,,OCSD_10,33.58151,-117.98940
7/17/2017 09:35,VR2W-114012,A69-1601-46833,,,,,OCSD_10,33.58151,-117.98940
7/17/2017 09:36,VR2W-109201,A69-1601-46833,,,,,OCSD_20,33.57358,-117.99450
7/17/2017 09:41,VR2W-114012,A69-1601-46833,,,,,OCSD_10,33.58151,-117.98940
7/17/2017 09:44,VR2W-109201,A69-1601-46833,,,,,OCSD_20,33.57358,-117.99450
7/17/2017 09:46,VR2W-109156,A69-1601-46833,,,,,OCSD_15,33.57755,-117.99200
7/17/2017 09:46,VR2W-114012,A69-1601-46833,,,,,OCSD_10,33.58151,-117.98940
7/17/2017 09:49,VR2W-114012,A69-1601-46833,,,,,OCSD_10,33.58151,-117.98940
7/17/2017 09:52,VR2W-109156,A69-1601-46833,,,,,OCSD_15,33.57755,-117.99200
7/17/2017 09:57,VR2W-109156,A69-1601-46833,,,,,OCSD_15,33.57755,-117.99200
7/17/2017 10:02,VR2W-109156,A69-1601-46833,,,,,OCSD_15,33.57755,-117.99200
7/17/2017 10:10,VR2W-114012,A69-1601-46833,,,,,OCSD_10,33.58151,-117.98940
7/17/2017 10:16,VR2W-109156,A69-1601-46833,,,,,OCSD_15,33.57755,-117.99200
7/17/2017 10:25,VR2W-109156,A69-1601-46833,,,,,OCSD_15,33.57755,-117.99200
7/17/2017 10:30,VR2W-114012,A69-1601-46833,,,,,OCSD_10,33.58151,-117.98940
7/17/2017 10:32,VR2W-109156,A69-1601-46833,,,,,OCSD_15,33.57755,-117.99200
7/17/2017 10:40,VR2W-109156,A69-1601-46833,,,,,OCSD_15,33.57755,-117.99200
7/17/2017 10:46,VR2W-109156,A69-1601-46833,,,,,OCSD_15,33.57755,-117.99200
7/17/2017 10:46,VR2W-114012,A69-1601-46833,,,,,OCSD_10,33.58151,-117.98940
7/17/2017 10:49,VR2W-109156,A69-1601-46833,,,,,OCSD_15,33.57755,-117.99200
7/17/2017 10:52,VR2W-109156,A69-1601-46833,,,,,OCSD_15,33.57755,-117.99200
7/17/2017 11:04,VR2W-109156,A69-1601-46833,,,,,OCSD_15,33.57755,-117.99200
7/17/2017 11:07,VR2W-114012,A69-1601-46833,,,,,OCSD_10,33.58151,-117.98940
7/17/2017 11:09,VR2W-114012,A69-1601-46833,,,,,OCSD_10,33.58151,-117.98940
7/17/2017 11:13,VR2W-114012,A69-1601-46833,,,,,OCSD_10,33.58151,-117.98940
7/17/2017 11:15,VR2W-114012,A69-1601-46833,,,,,OCSD_10,33.58151,-117.98940
7/17/2017 11:28,VR2W-114012,A69-1601-46833,,,,,OCSD_10,33.58151,-117.98940
7/17/2017 11:36,VR2W-109156,A69-1601-46833,,,,,OCSD_15,33.57755,-117.99200
7/17/2017 11:36,VR2W-109201,A69-1601-46833,,,,,OCSD_20,33.57358,-117.99450
7/17/2017 11:59,VR2W-109156,A69-1601-46833,,,,,OCSD_15,33.57755,-117.99200
7/17/2017 12:05,VR2W-109156,A69-1601-46833,,,,,OCSD_15,33.57755,-117.99200
7/17/2017 13:18,VR2W-109156,A69-1601-46833,,,,,OCSD_15,33.57755,-117.99200
7/17/2017 13:27,VR2W-109156,A69-1601-46833,,,,,OCSD_15,33.57755,-117.99200
7/17/2017 20:33,VR2W-109201,A69-1601-46833,,,,,OCSD_20,33.57358,-117.99450
7/17/2017 20:36,VR2W-109201,A69-1601-46833,,,,,OCSD_20,33.57358,-117.99450
7/17/2017 21:27,VR2W-109201,A69-1601-46833,,,,,OCSD_20,33.57358,-117.99450
7/18/2017 01:00,VR2W-109156,A69-1601-46833,,,,,OCSD_15,33.57755,-117.99200
7/18/2017 04:53,VR2W-109201,A69-1601-46833,,,,,OCSD_20,33.57358,-117.99450
7/18/2017 05:10,VR2W-109156,A69-1601-46833,,,,,OCSD_15,33.57755,-117.99200
7/18/2017 05:10,VR2W-109201,A69-1601-46833,,,,,OCSD_20,33.57358,-117.99450
7/18/2017 05:30,VR2W-109156,A69-1601-46833,,,,,OCSD_15,33.57755,-117.99200
7/18/2017 05:41,VR2W-109201,A69-1601-46833,,,,,OCSD_20,33.57358,-117.99450
7/18/2017 05:43,VR2W-109156,A69-1601-46833,,,,,OCSD_15,33.57755,-117.99200
7/18/2017 05:45,VR2W-109156,A69-1601-46833,,,,,OCSD_15,33.57755,-117.99200
7/18/2017 05:47,VR2W-114012,A69-1601-46833,,,,,OCSD_10,33.58151,-117.98940
7/18/2017 05:50,VR2W-109156,A69-1601-46833,,,,,OCSD_15,33.57755,-117.99200
7/18/2017 05:50,VR2W-114012,A69-1601-46833,,,,,OCSD_10,33.58151,-117.98940
7/18/2017 05:57,VR2W-109156,A69-1601-46833,,,,,OCSD_15,33.57755,-117.99200
7/18/2017 06:00,VR2W-109156,A69-1601-46833,,,,,OCSD_15,33.57755,-117.99200
7/18/2017 06:03,VR2W-109156,A69-1601-46833,,,,,OCSD_15,33.57755,-117.99200
7/18/2017 06:06,VR2W-109156,A69-1601-46833,,,,,OCSD_15,33.57755,-117.99200
7/18/2017 06:06,VR2W-109201,A69-1601-46833,,,,,OCSD_20,33.57358,-117.99450
7/18/2017 06:09,VR2W-109156,A69-1601-46833,,,,,OCSD_15,33.57755,-117.99200
7/18/2017 06:09,VR2W-114012,A69-1601-46833,,,,,OCSD_10,33.58151,-117.98940
7/18/2017 06:12,VR2W-109156,A69-1601-46833,,,,,OCSD_15,33.57755,-117.99200
7/18/2017 06:12,VR2W-114012,A69-1601-46833,,,,,OCSD_10,33.58151,-117.98940
7/18/2017 06:14,VR2W-114012,A69-1601-46833,,,,,OCSD_10,33.58151,-117.98940
7/18/2017 06:16,VR2W-109156,A69-1601-46833,,,,,OCSD_15,33.57755,-117.99200
7/18/2017 06:16,VR2W-114012,A69-1601-46833,,,,,OCSD_10,33.58151,-117.98940
7/18/2017 06:18,VR2W-109156,A69-1601-46833,,,,,OCSD_15,33.57755,-117.99200
7/18/2017 06:20,VR2W-109156,A69-1601-46833,,,,,OCSD_15,33.57755,-117.99200
7/18/2017 06:21,VR2W-109156,A69-1601-46833,,,,,OCSD_15,33.57755,-117.99200
7/18/2017 06:21,VR2W-114012,A69-1601-46833,,,,,OCSD_10,33.58151,-117.98940
7/18/2017 06:21,VR2W-129792,A69-1601-46833,,,,,OCSD_5,33.58548,-117.98690
7/18/2017 06:23,VR2W-109156,A69-1601-46833,,,,,OCSD_15,33.57755,-117.99200
7/18/2017 06:23,VR2W-114012,A69-1601-46833,,,,,OCSD_10,33.58151,-117.98940
7/18/2017 06:23,VR2W-129792,A69-1601-46833,,,,,OCSD_5,33.58548,-117.98690
7/18/2017 06:25,VR2W-109156,A69-1601-46833,,,,,OCSD_15,33.57755,-117.99200
7/18/2017 06:25,VR2W-114012,A69-1601-46833,,,,,OCSD_10,33.58151,-117.98940
7/18/2017 06:28,VR2W-109156,A69-1601-46833,,,,,OCSD_15,33.57755,-117.99200
7/18/2017 06:28,VR2W-114012,A69-1601-46833,,,,,OCSD_10,33.58151,-117.98940
7/18/2017 06:28,VR2W-109201,A69-1601-46833,,,,,OCSD_20,33.57358,-117.99450
7/18/2017 06:30,VR2W-114012,A69-1601-46833,,,,,OCSD_10,33.58151,-117.98940
7/18/2017 06:31,VR2W-109156,A69-1601-46833,,,,,OCSD_15,33.57755,-117.99200
7/18/2017 06:32,VR2W-114012,A69-1601-46833,,,,,OCSD_10,33.58151,-117.98940
7/18/2017 06:32,VR2W-109201,A69-1601-46833,,,,,OCSD_20,33.57358,-117.99450
7/18/2017 06:33,VR2W-109156,A69-1601-46833,,,,,OCSD_15,33.57755,-117.99200
7/18/2017 06:34,VR2W-114012,A69-1601-46833,,,,,OCSD_10,33.58151,-117.98940
7/18/2017 06:36,VR2W-109156,A69-1601-46833,,,,,OCSD_15,33.57755,-117.99200
7/18/2017 06:36,VR2W-114012,A69-1601-46833,,,,,OCSD_10,33.58151,-117.98940
7/18/2017 06:41,VR2W-109156,A69-1601-46833,,,,,OCSD_15,33.57755,-117.99200
7/18/2017 06:41,VR2W-114012,A69-1601-46833,,,,,OCSD_10,33.58151,-117.98940
7/18/2017 06:43,VR2W-109156,A69-1601-46833,,,,,OCSD_15,33.57755,-117.99200
7/18/2017 06:43,VR2W-114012,A69-1601-46833,,,,,OCSD_10,33.58151,-117.98940
7/18/2017 06:43,VR2W-109201,A69-1601-46833,,,,,OCSD_20,33.57358,-117.99450
7/18/2017 06:45,VR2W-109156,A69-1601-46833,,,,,OCSD_15,33.57755,-117.99200
7/18/2017 06:45,VR2W-114012,A69-1601-46833,,,,,OCSD_10,33.58151,-117.98940
7/18/2017 06:45,VR2W-109201,A69-1601-46833,,,,,OCSD_20,33.57358,-117.99450
7/18/2017 06:47,VR2W-109156,A69-1601-46833,,,,,OCSD_15,33.57755,-117.99200
7/18/2017 06:47,VR2W-109170,A69-1601-46833,,,,,OCSD_9,33.58332,-117.99440
7/18/2017 06:52,VR2W-109201,A69-1601-46833,,,,,OCSD_20,33.57358,-117.99450
7/18/2017 06:57,VR2W-109156,A69-1601-46833,,,,,OCSD_15,33.57755,-117.99200
7/18/2017 06:57,VR2W-114012,A69-1601-46833,,,,,OCSD_10,33.58151,-117.98940
7/18/2017 06:57,VR2W-109201,A69-1601-46833,,,,,OCSD_20,33.57358,-117.99450
7/18/2017 07:00,VR2W-109156,A69-1601-46833,,,,,OCSD_15,33.57755,-117.99200
7/18/2017 07:00,VR2W-114012,A69-1601-46833,,,,,OCSD_10,33.58151,-117.98940
7/18/2017 07:03,VR2W-109156,A69-1601-46833,,,,,OCSD_15,33.57755,-117.99200
7/18/2017 07:03,VR2W-114012,A69-1601-46833,,,,,OCSD_10,33.58151,-117.98940
7/18/2017 07:06,VR2W-109156,A69-1601-46833,,,,,OCSD_15,33.57755,-117.99200
7/18/2017 07:06,VR2W-114012,A69-1601-46833,,,,,OCSD_10,33.58151,-117.98940
7/18/2017 07:08,VR2W-109156,A69-1601-46833,,,,,OCSD_15,33.57755,-117.99200
7/18/2017 07:08,VR2W-109170,A69-1601-46833,,,,,OCSD_9,33.58332,-117.99440
7/18/2017 07:08,VR2W-114012,A69-1601-46833,,,,,OCSD_10,33.58151,-117.98940
7/18/2017 07:08,VR2W-109201,A69-1601-46833,,,,,OCSD_20,33.57358,-117.99450
7/18/2017 07:10,VR2W-109156,A69-1601-46833,,,,,OCSD_15,33.57755,-117.99200
7/18/2017 07:10,VR2W-114012,A69-1601-46833,,,,,OCSD_10,33.58151,-117.98940
7/18/2017 07:12,VR2W-109156,A69-1601-46833,,,,,OCSD_15,33.57755,-117.99200
7/18/2017 07:12,VR2W-114012,A69-1601-46833,,,,,OCSD_10,33.58151,-117.98940
7/18/2017 07:14,VR2W-109156,A69-1601-46833,,,,,OCSD_15,33.57755,-117.99200
7/18/2017 07:14,VR2W-114012,A69-1601-46833,,,,,OCSD_10,33.58151,-117.98940
7/18/2017 07:17,VR2W-109156,A69-1601-46833,,,,,OCSD_15,33.57755,-117.99200
7/18/2017 07:17,VR2W-114012,A69-1601-46833,,,,,OCSD_10,33.58151,-117.98940
7/18/2017 07:20,VR2W-109201,A69-1601-46833,,,,,OCSD_20,33.57358,-117.99450
7/18/2017 07:22,VR2W-109156,A69-1601-46833,,,,,OCSD_15,33.57755,-117.99200
7/18/2017 07:23,VR2W-114012,A69-1601-46833,,,,,OCSD_10,33.58151,-117.98940
7/18/2017 07:23,VR2W-109201,A69-1601-46833,,,,,OCSD_20,33.57358,-117.99450
7/18/2017 07:24,VR2W-109156,A69-1601-46833,,,,,OCSD_15,33.57755,-117.99200
7/18/2017 07:24,VR2W-114012,A69-1601-46833,,,,,OCSD_10,33.58151,-117.98940
7/18/2017 07:27,VR2W-114012,A69-1601-46833,,,,,OCSD_10,33.58151,-117.98940
7/18/2017 07:29,VR2W-109156,A69-1601-46833,,,,,OCSD_15,33.57755,-117.99200
7/18/2017 07:29,VR2W-114012,A69-1601-46833,,,,,OCSD_10,33.58151,-117.98940
7/18/2017 07:31,VR2W-109156,A69-1601-46833,,,,,OCSD_15,33.57755,-117.99200
7/18/2017 07:31,VR2W-114012,A69-1601-46833,,,,,OCSD_10,33.58151,-117.98940
7/18/2017 07:33,VR2W-109156,A69-1601-46833,,,,,OCSD_15,33.57755,-117.99200
7/18/2017 07:33,VR2W-114012,A69-1601-46833,,,,,OCSD_10,33.58151,-117.98940
7/18/2017 07:35,VR2W-109156,A69-1601-46833,,,,,OCSD_15,33.57755,-117.99200
7/18/2017 07:35,VR2W-114012,A69-1601-46833,,,,,OCSD_10,33.58151,-117.98940
7/18/2017 07:37,VR2W-109156,A69-1601-46833,,,,,OCSD_15,33.57755,-117.99200
7/18/2017 07:37,VR2W-109201,A69-1601-46833,,,,,OCSD_20,33.57358,-117.99450
7/18/2017 07:39,VR2W-109156,A69-1601-46833,,,,,OCSD_15,33.57755,-117.99200
7/18/2017 07:39,VR2W-114012,A69-1601-46833,,,,,OCSD_10,33.58151,-117.98940
7/18/2017 07:41,VR2W-109156,A69-1601-46833,,,,,OCSD_15,33.57755,-117.99200
7/18/2017 07:41,VR2W-114012,A69-1601-46833,,,,,OCSD_10,33.58151,-117.98940
7/18/2017 07:43,VR2W-109156,A69-1601-46833,,,,,OCSD_15,33.57755,-117.99200
7/18/2017 07:43,VR2W-114012,A69-1601-46833,,,,,OCSD_10,33.58151,-117.98940
7/18/2017 07:46,VR2W-109156,A69-1601-46833,,,,,OCSD_15,33.57755,-117.99200
7/18/2017 07:46,VR2W-109201,A69-1601-46833,,,,,OCSD_20,33.57358,-117.99450
7/18/2017 07:49,VR2W-109156,A69-1601-46833,,,,,OCSD_15,33.57755,-117.99200
7/18/2017 07:49,VR2W-109201,A69-1601-46833,,,,,OCSD_20,33.57358,-117.99450
7/18/2017 07:51,VR2W-109156,A69-1601-46833,,,,,OCSD_15,33.57755,-117.99200
7/18/2017 07:51,VR2W-109170,A69-1601-46833,,,,,OCSD_9,33.58332,-117.99440
7/18/2017 07:51,VR2W-114012,A69-1601-46833,,,,,OCSD_10,33.58151,-117.98940
7/18/2017 07:53,VR2W-109156,A69-1601-46833,,,,,OCSD_15,33.57755,-117.99200
7/18/2017 07:53,VR2W-129792,A69-1601-46833,,,,,OCSD_5,33.58548,-117.98690
7/18/2017 07:56,VR2W-109156,A69-1601-46833,,,,,OCSD_15,33.57755,-117.99200
7/18/2017 07:56,VR2W-114012,A69-1601-46833,,,,,OCSD_10,33.58151,-117.98940
7/18/2017 07:59,VR2W-109156,A69-1601-46833,,,,,OCSD_15,33.57755,-117.99200
7/18/2017 07:59,VR2W-114012,A69-1601-46833,,,,,OCSD_10,33.58151,-117.98940
7/18/2017 07:59,VR2W-129792,A69-1601-46833,,,,,OCSD_5,33.58548,-117.98690
7/18/2017 08:01,VR2W-109170,A69-1601-46833,,,,,OCSD_9,33.58332,-117.99440
7/18/2017 08:01,VR2W-114012,A69-1601-46833,,,,,OCSD_10,33.58151,-117.98940
7/18/2017 08:01,VR2W-129792,A69-1601-46833,,,,,OCSD_5,33.58548,-117.98690
7/18/2017 08:04,VR2W-114012,A69-1601-46833,,,,,OCSD_10,33.58151,-117.98940
7/18/2017 08:04,VR2W-129792,A69-1601-46833,,,,,OCSD_5,33.58548,-117.98690
7/18/2017 08:17,VR2W-109156,A69-1601-46833,,,,,OCSD_15,33.57755,-117.99200
7/18/2017 08:17,VR2W-114012,A69-1601-46833,,,,,OCSD_10,33.58151,-117.98940
7/18/2017 08:19,VR2W-114012,A69-1601-46833,,,,,OCSD_10,33.58151,-117.98940
7/18/2017 08:21,VR2W-114012,A69-1601-46833,,,,,OCSD_10,33.58151,-117.98940
7/18/2017 08:24,VR2W-109156,A69-1601-46833,,,,,OCSD_15,33.57755,-117.99200
7/18/2017 08:24,VR2W-114012,A69-1601-46833,,,,,OCSD_10,33.58151,-117.98940
7/18/2017 08:24,VR2W-109201,A69-1601-46833,,,,,OCSD_20,33.57358,-117.99450
7/18/2017 08:27,VR2W-109156,A69-1601-46833,,,,,OCSD_15,33.57755,-117.99200
7/18/2017 08:29,VR2W-109201,A69-1601-46833,,,,,OCSD_20,33.57358,-117.99450
7/18/2017 08:31,VR2W-109156,A69-1601-46833,,,,,OCSD_15,33.57755,-117.99200
7/18/2017 08:31,VR2W-114012,A69-1601-46833,,,,,OCSD_10,33.58151,-117.98940
7/18/2017 08:33,VR2W-109156,A69-1601-46833,,,,,OCSD_15,33.57755,-117.99200
7/18/2017 08:33,VR2W-114012,A69-1601-46833,,,,,OCSD_10,33.58151,-117.98940
7/18/2017 08:35,VR2W-109156,A69-1601-46833,,,,,OCSD_15,33.57755,-117.99200
7/18/2017 08:35,VR2W-109201,A69-1601-46833,,,,,OCSD_20,33.57358,-117.99450
7/18/2017 08:37,VR2W-109156,A69-1601-46833,,,,,OCSD_15,33.57755,-117.99200
7/18/2017 08:43,VR2W-109156,A69-1601-46833,,,,,OCSD_15,33.57755,-117.99200
7/18/2017 08:43,VR2W-109170,A69-1601-46833,,,,,OCSD_9,33.58332,-117.99440
7/18/2017 08:43,VR2W-114012,A69-1601-46833,,,,,OCSD_10,33.58151,-117.98940
7/18/2017 08:45,VR2W-109156,A69-1601-46833,,,,,OCSD_15,33.57755,-117.99200
7/18/2017 08:45,VR2W-114012,A69-1601-46833,,,,,OCSD_10,33.58151,-117.98940
7/18/2017 08:45,VR2W-109201,A69-1601-46833,,,,,OCSD_20,33.57358,-117.99450
7/18/2017 08:47,VR2W-109156,A69-1601-46833,,,,,OCSD_15,33.57755,-117.99200
7/18/2017 08:47,VR2W-114012,A69-1601-46833,,,,,OCSD_10,33.58151,-117.98940
7/18/2017 08:49,VR2W-114012,A69-1601-46833,,,,,OCSD_10,33.58151,-117.98940
7/18/2017 08:51,VR2W-109156,A69-1601-46833,,,,,OCSD_15,33.57755,-117.99200
7/18/2017 08:51,VR2W-114012,A69-1601-46833,,,,,OCSD_10,33.58151,-117.98940
7/18/2017 08:51,VR2W-129792,A69-1601-46833,,,,,OCSD_5,33.58548,-117.98690
7/18/2017 08:53,VR2W-109156,A69-1601-46833,,,,,OCSD_15,33.57755,-117.99200
7/18/2017 08:53,VR2W-114012,A69-1601-46833,,,,,OCSD_10,33.58151,-117.98940
7/18/2017 08:56,VR2W-109156,A69-1601-46833,,,,,OCSD_15,33.57755,-117.99200
7/18/2017 08:56,VR2W-114012,A69-1601-46833,,,,,OCSD_10,33.58151,-117.98940
7/18/2017 09:01,VR2W-109156,A69-1601-46833,,,,,OCSD_15,33.57755,-117.99200
7/18/2017 09:01,VR2W-114012,A69-1601-46833,,,,,OCSD_10,33.58151,-117.98940
7/18/2017 09:02,VR2W-109201,A69-1601-46833,,,,,OCSD_20,33.57358,-117.99450
7/18/2017 09:04,VR2W-109156,A69-1601-46833,,,,,OCSD_15,33.57755,-117.99200
7/18/2017 09:04,VR2W-114012,A69-1601-46833,,,,,OCSD_10,33.58151,-117.98940
7/18/2017 09:07,VR2W-109156,A69-1601-46833,,,,,OCSD_15,33.57755,-117.99200
7/18/2017 09:07,VR2W-114012,A69-1601-46833,,,,,OCSD_10,33.58151,-117.98940
7/18/2017 09:08,VR2W-109156,A69-1601-46833,,,,,OCSD_15,33.57755,-117.99200
7/18/2017 09:08,VR2W-114012,A69-1601-46833,,,,,OCSD_10,33.58151,-117.98940
7/18/2017 09:10,VR2W-109156,A69-1601-46833,,,,,OCSD_15,33.57755,-117.99200
7/18/2017 09:10,VR2W-114012,A69-1601-46833,,,,,OCSD_10,33.58151,-117.98940
7/18/2017 09:15,VR2W-109156,A69-1601-46833,,,,,OCSD_15,33.57755,-117.99200
7/18/2017 09:18,VR2W-109156,A69-1601-46833,,,,,OCSD_15,33.57755,-117.99200
7/18/2017 09:24,VR2W-109156,A69-1601-46833,,,,,OCSD_15,33.57755,-117.99200
7/18/2017 09:24,VR2W-114012,A69-1601-46833,,,,,OCSD_10,33.58151,-117.98940
7/18/2017 09:27,VR2W-109170,A69-1601-46833,,,,,OCSD_9,33.58332,-117.99440
7/18/2017 09:29,VR2W-109156,A69-1601-46833,,,,,OCSD_15,33.57755,-117.99200
7/18/2017 09:29,VR2W-114012,A69-1601-46833,,,,,OCSD_10,33.58151,-117.98940
7/18/2017 09:31,VR2W-114012,A69-1601-46833,,,,,OCSD_10,33.58151,-117.98940
7/18/2017 09:33,VR2W-109156,A69-1601-46833,,,,,OCSD_15,33.57755,-117.99200
7/18/2017 09:33,VR2W-114012,A69-1601-46833,,,,,OCSD_10,33.58151,-117.98940
7/18/2017 09:33,VR2W-129792,A69-1601-46833,,,,,OCSD_5,33.58548,-117.98690
7/18/2017 09:35,VR2W-114012,A69-1601-46833,,,,,OCSD_10,33.58151,-117.98940
7/18/2017 09:37,VR2W-109156,A69-1601-46833,,,,,OCSD_15,33.57755,-117.99200
7/18/2017 09:37,VR2W-114012,A69-1601-46833,,,,,OCSD_10,33.58151,-117.98940
7/18/2017 09:39,VR2W-109156,A69-1601-46833,,,,,OCSD_15,33.57755,-117.99200
7/18/2017 09:39,VR2W-114012,A69-1601-46833,,,,,OCSD_10,33.58151,-117.98940
7/18/2017 09:41,VR2W-109156,A69-1601-46833,,,,,OCSD_15,33.57755,-117.99200
7/18/2017 09:41,VR2W-114012,A69-1601-46833,,,,,OCSD_10,33.58151,-117.98940
7/18/2017 09:43,VR2W-109156,A69-1601-46833,,,,,OCSD_15,33.57755,-117.99200
7/18/2017 09:43,VR2W-114012,A69-1601-46833,,,,,OCSD_10,33.58151,-117.98940
7/18/2017 09:48,VR2W-109170,A69-1601-46833,,,,,OCSD_9,33.58332,-117.99440
7/18/2017 09:48,VR2W-114012,A69-1601-46833,,,,,OCSD_10,33.58151,-117.98940
7/18/2017 09:51,VR2W-109156,A69-1601-46833,,,,,OCSD_15,33.57755,-117.99200
7/18/2017 09:51,VR2W-114012,A69-1601-46833,,,,,OCSD_10,33.58151,-117.98940
7/18/2017 09:55,VR2W-109156,A69-1601-46833,,,,,OCSD_15,33.57755,-117.99200
7/18/2017 09:55,VR2W-114012,A69-1601-46833,,,,,OCSD_10,33.58151,-117.98940
7/18/2017 09:58,VR2W-109156,A69-1601-46833,,,,,OCSD_15,33.57755,-117.99200
7/18/2017 09:58,VR2W-114012,A69-1601-46833,,,,,OCSD_10,33.58151,-117.98940
7/18/2017 10:00,VR2W-114012,A69-1601-46833,,,,,OCSD_10,33.58151,-117.98940
7/18/2017 10:00,VR2W-129792,A69-1601-46833,,,,,OCSD_5,33.58548,-117.98690
7/18/2017 10:02,VR2W-109156,A69-1601-46833,,,,,OCSD_15,33.57755,-117.99200
7/18/2017 10:02,VR2W-114012,A69-1601-46833,,,,,OCSD_10,33.58151,-117.98940
7/18/2017 10:05,VR2W-109156,A69-1601-46833,,,,,OCSD_15,33.57755,-117.99200
7/18/2017 10:05,VR2W-114012,A69-1601-46833,,,,,OCSD_10,33.58151,-117.98940
7/18/2017 10:07,VR2W-109156,A69-1601-46833,,,,,OCSD_15,33.57755,-117.99200
7/18/2017 10:07,VR2W-114012,A69-1601-46833,,,,,OCSD_10,33.58151,-117.98940
7/18/2017 10:09,VR2W-109156,A69-1601-46833,,,,,OCSD_15,33.57755,-117.99200
7/18/2017 10:09,VR2W-114012,A69-1601-46833,,,,,OCSD_10,33.58151,-117.98940
7/18/2017 10:09,VR2W-109201,A69-1601-46833,,,,,OCSD_20,33.57358,-117.99450
7/18/2017 10:12,VR2W-109156,A69-1601-46833,,,,,OCSD_15,33.57755,-117.99200
7/18/2017 10:12,VR2W-114012,A69-1601-46833,,,,,OCSD_10,33.58151,-117.98940
7/18/2017 10:12,VR2W-109201,A69-1601-46833,,,,,OCSD_20,33.57358,-117.99450
7/18/2017 10:15,VR2W-109156,A69-1601-46833,,,,,OCSD_15,33.57755,-117.99200
7/18/2017 10:15,VR2W-114012,A69-1601-46833,,,,,OCSD_10,33.58151,-117.98940
7/18/2017 10:17,VR2W-109156,A69-1601-46833,,,,,OCSD_15,33.57755,-117.99200
7/18/2017 10:17,VR2W-114012,A69-1601-46833,,,,,OCSD_10,33.58151,-117.98940
7/18/2017 10:19,VR2W-109156,A69-1601-46833,,,,,OCSD_15,33.57755,-117.99200
7/18/2017 10:21,VR2W-109156,A69-1601-46833,,,,,OCSD_15,33.57755,-117.99200
7/18/2017 10:21,VR2W-114012,A69-1601-46833,,,,,OCSD_10,33.58151,-117.98940
7/18/2017 10:26,VR2W-109156,A69-1601-46833,,,,,OCSD_15,33.57755,-117.99200
7/18/2017 10:36,VR2W-109156,A69-1601-46833,,,,,OCSD_15,33.57755,-117.99200
7/18/2017 10:42,VR2W-114012,A69-1601-46833,,,,,OCSD_10,33.58151,-117.98940
7/18/2017 10:44,VR2W-114012,A69-1601-46833,,,,,OCSD_10,33.58151,-117.98940
7/18/2017 10:48,VR2W-109156,A69-1601-46833,,,,,OCSD_15,33.57755,-117.99200
7/18/2017 10:48,VR2W-114012,A69-1601-46833,,,,,OCSD_10,33.58151,-117.98940
7/18/2017 10:50,VR2W-109156,A69-1601-46833,,,,,OCSD_15,33.57755,-117.99200
7/18/2017 10:52,VR2W-109156,A69-1601-46833,,,,,OCSD_15,33.57755,-117.99200
7/18/2017 10:57,VR2W-109156,A69-1601-46833,,,,,OCSD_15,33.57755,-117.99200
7/18/2017 10:57,VR2W-114012,A69-1601-46833,,,,,OCSD_10,33.58151,-117.98940
7/18/2017 10:59,VR2W-109156,A69-1601-46833,,,,,OCSD_15,33.57755,-117.99200
7/18/2017 11:02,VR2W-109156,A69-1601-46833,,,,,OCSD_15,33.57755,-117.99200
7/18/2017 11:02,VR2W-114012,A69-1601-46833,,,,,OCSD_10,33.58151,-117.98940
7/18/2017 11:05,VR2W-109156,A69-1601-46833,,,,,OCSD_15,33.57755,-117.99200
7/18/2017 11:05,VR2W-114012,A69-1601-46833,,,,,OCSD_10,33.58151,-117.98940
7/18/2017 11:07,VR2W-109201,A69-1601-46833,,,,,OCSD_20,33.57358,-117.99450
7/18/2017 11:13,VR2W-109156,A69-1601-46833,,,,,OCSD_15,33.57755,-117.99200
7/18/2017 11:13,VR2W-114012,A69-1601-46833,,,,,OCSD_10,33.58151,-117.98940
7/18/2017 11:20,VR2W-109156,A69-1601-46833,,,,,OCSD_15,33.57755,-117.99200
7/18/2017 11:20,VR2W-114012,A69-1601-46833,,,,,OCSD_10,33.58151,-117.98940
7/18/2017 11:22,VR2W-114012,A69-1601-46833,,,,,OCSD_10,33.58151,-117.98940
7/18/2017 11:25,VR2W-109156,A69-1601-46833,,,,,OCSD_15,33.57755,-117.99200
7/18/2017 11:25,VR2W-114012,A69-1601-46833,,,,,OCSD_10,33.58151,-117.98940
7/18/2017 11:27,VR2W-109156,A69-1601-46833,,,,,OCSD_15,33.57755,-117.99200
7/18/2017 11:29,VR2W-109156,A69-1601-46833,,,,,OCSD_15,33.57755,-117.99200
7/18/2017 11:32,VR2W-109156,A69-1601-46833,,,,,OCSD_15,33.57755,-117.99200
7/18/2017 11:32,VR2W-114012,A69-1601-46833,,,,,OCSD_10,33.58151,-117.98940
7/18/2017 11:34,VR2W-114012,A69-1601-46833,,,,,OCSD_10,33.58151,-117.98940
7/18/2017 11:37,VR2W-114012,A69-1601-46833,,,,,OCSD_10,33.58151,-117.98940
7/18/2017 11:42,VR2W-109156,A69-1601-46833,,,,,OCSD_15,33.57755,-117.99200
7/18/2017 11:42,VR2W-114012,A69-1601-46833,,,,,OCSD_10,33.58151,-117.98940
7/18/2017 11:42,VR2W-129792,A69-1601-46833,,,,,OCSD_5,33.58548,-117.98690
7/18/2017 11:44,VR2W-109156,A69-1601-46833,,,,,OCSD_15,33.57755,-117.99200
7/18/2017 11:44,VR2W-114012,A69-1601-46833,,,,,OCSD_10,33.58151,-117.98940
7/18/2017 11:46,VR2W-114012,A69-1601-46833,,,,,OCSD_10,33.58151,-117.98940
7/18/2017 11:49,VR2W-109156,A69-1601-46833,,,,,OCSD_15,33.57755,-117.99200
7/18/2017 11:49,VR2W-114012,A69-1601-46833,,,,,OCSD_10,33.58151,-117.98940
7/18/2017 11:51,VR2W-109156,A69-1601-46833,,,,,OCSD_15,33.57755,-117.99200
7/18/2017 11:51,VR2W-114012,A69-1601-46833,,,,,OCSD_10,33.58151,-117.98940
7/18/2017 11:54,VR2W-114012,A69-1601-46833,,,,,OCSD_10,33.58151,-117.98940
7/18/2017 11:59,VR2W-109201,A69-1601-46833,,,,,OCSD_20,33.57358,-117.99450
7/18/2017 12:02,VR2W-129792,A69-1601-46833,,,,,OCSD_5,33.58548,-117.98690
7/18/2017 12:05,VR2W-114012,A69-1601-46833,,,,,OCSD_10,33.58151,-117.98940
7/18/2017 12:05,VR2W-129792,A69-1601-46833,,,,,OCSD_5,33.58548,-117.98690
7/18/2017 12:08,VR2W-114012,A69-1601-46833,,,,,OCSD_10,33.58151,-117.98940
7/18/2017 12:12,VR2W-109156,A69-1601-46833,,,,,OCSD_15,33.57755,-117.99200
7/18/2017 12:15,VR2W-114012,A69-1601-46833,,,,,OCSD_10,33.58151,-117.98940
7/18/2017 12:18,VR2W-114012,A69-1601-46833,,,,,OCSD_10,33.58151,-117.98940
7/18/2017 12:26,VR2W-114012,A69-1601-46833,,,,,OCSD_10,33.58151,-117.98940
7/18/2017 12:28,VR2W-109156,A69-1601-46833,,,,,OCSD_15,33.57755,-117.99200
7/18/2017 12:30,VR2W-109156,A69-1601-46833,,,,,OCSD_15,33.57755,-117.99200
7/18/2017 12:30,VR2W-114012,A69-1601-46833,,,,,OCSD_10,33.58151,-117.98940
7/18/2017 12:41,VR2W-109156,A69-1601-46833,,,,,OCSD_15,33.57755,-117.99200
7/18/2017 12:41,VR2W-114012,A69-1601-46833,,,,,OCSD_10,33.58151,-117.98940
7/18/2017 12:47,VR2W-114012,A69-1601-46833,,,,,OCSD_10,33.58151,-117.98940
7/18/2017 12:49,VR2W-109156,A69-1601-46833,,,,,OCSD_15,33.57755,-117.99200
7/18/2017 12:55,VR2W-114012,A69-1601-46833,,,,,OCSD_10,33.58151,-117.98940
7/18/2017 12:59,VR2W-109156,A69-1601-46833,,,,,OCSD_15,33.57755,-117.99200
7/18/2017 13:04,VR2W-109156,A69-1601-46833,,,,,OCSD_15,33.57755,-117.99200
7/18/2017 13:06,VR2W-109156,A69-1601-46833,,,,,OCSD_15,33.57755,-117.99200
7/18/2017 13:09,VR2W-109156,A69-1601-46833,,,,,OCSD_15,33.57755,-117.99200
7/18/2017 13:20,VR2W-109156,A69-1601-46833,,,,,OCSD_15,33.57755,-117.99200
7/18/2017 13:32,VR2W-109156,A69-1601-46833,,,,,OCSD_15,33.57755,-117.99200
7/18/2017 13:39,VR2W-109156,A69-1601-46833,,,,,OCSD_15,33.57755,-117.99200
7/18/2017 13:40,VR2W-109201,A69-1601-46833,,,,,OCSD_20,33.57358,-117.99450
7/18/2017 13:42,VR2W-109156,A69-1601-46833,,,,,OCSD_15,33.57755,-117.99200
7/18/2017 13:42,VR2W-109201,A69-1601-46833,,,,,OCSD_20,33.57358,-117.99450
7/18/2017 13:44,VR2W-109156,A69-1601-46833,,,,,OCSD_15,33.57755,-117.99200
7/18/2017 13:44,VR2W-114012,A69-1601-46833,,,,,OCSD_10,33.58151,-117.98940
7/18/2017 13:47,VR2W-109156,A69-1601-46833,,,,,OCSD_15,33.57755,-117.99200
7/18/2017 13:52,VR2W-109156,A69-1601-46833,,,,,OCSD_15,33.57755,-117.99200
7/18/2017 13:54,VR2W-109156,A69-1601-46833,,,,,OCSD_15,33.57755,-117.99200
7/18/2017 13:56,VR2W-109156,A69-1601-46833,,,,,OCSD_15,33.57755,-117.99200
7/18/2017 14:04,VR2W-109156,A69-1601-46833,,,,,OCSD_15,33.57755,-117.99200
7/18/2017 14:09,VR2W-109156,A69-1601-46833,,,,,OCSD_15,33.57755,-117.99200
7/18/2017 14:12,VR2W-109156,A69-1601-46833,,,,,OCSD_15,33.57755,-117.99200
7/18/2017 14:13,VR2W-109156,A69-1601-46833,,,,,OCSD_15,33.57755,-117.99200
7/18/2017 14:20,VR2W-109156,A69-1601-46833,,,,,OCSD_15,33.57755,-117.99200
7/18/2017 14:22,VR2W-109156,A69-1601-46833,,,,,OCSD_15,33.57755,-117.99200
7/18/2017 14:33,VR2W-109156,A69-1601-46833,,,,,OCSD_15,33.57755,-117.99200
7/18/2017 14:36,VR2W-109156,A69-1601-46833,,,,,OCSD_15,33.57755,-117.99200
7/18/2017 14:38,VR2W-109156,A69-1601-46833,,,,,OCSD_15,33.57755,-117.99200
7/18/2017 14:38,VR2W-114012,A69-1601-46833,,,,,OCSD_10,33.58151,-117.98940
7/18/2017 14:41,VR2W-114012,A69-1601-46833,,,,,OCSD_10,33.58151,-117.98940
7/18/2017 14:44,VR2W-109156,A69-1601-46833,,,,,OCSD_15,33.57755,-117.99200
7/18/2017 14:46,VR2W-109156,A69-1601-46833,,,,,OCSD_15,33.57755,-117.99200
7/18/2017 14:48,VR2W-114012,A69-1601-46833,,,,,OCSD_10,33.58151,-117.98940
7/18/2017 14:50,VR2W-109156,A69-1601-46833,,,,,OCSD_15,33.57755,-117.99200
7/18/2017 14:53,VR2W-109156,A69-1601-46833,,,,,OCSD_15,33.57755,-117.99200
7/18/2017 14:53,VR2W-114012,A69-1601-46833,,,,,OCSD_10,33.58151,-117.98940
7/18/2017 14:55,VR2W-114012,A69-1601-46833,,,,,OCSD_10,33.58151,-117.98940
7/18/2017 14:57,VR2W-109156,A69-1601-46833,,,,,OCSD_15,33.57755,-117.99200
7/18/2017 15:04,VR2W-109156,A69-1601-46833,,,,,OCSD_15,33.57755,-117.99200
7/18/2017 15:11,VR2W-109156,A69-1601-46833,,,,,OCSD_15,33.57755,-117.99200
7/18/2017 15:11,VR2W-114012,A69-1601-46833,,,,,OCSD_10,33.58151,-117.98940
7/18/2017 15:13,VR2W-114012,A69-1601-46833,,,,,OCSD_10,33.58151,-117.98940
7/18/2017 15:21,VR2W-109156,A69-1601-46833,,,,,OCSD_15,33.57755,-117.99200
7/18/2017 15:28,VR2W-109156,A69-1601-46833,,,,,OCSD_15,33.57755,-117.99200
7/18/2017 15:44,VR2W-114012,A69-1601-46833,,,,,OCSD_10,33.58151,-117.98940
7/18/2017 15:51,VR2W-114012,A69-1601-46833,,,,,OCSD_10,33.58151,-117.98940
7/18/2017 16:03,VR2W-114012,A69-1601-46833,,,,,OCSD_10,33.58151,-117.98940
7/18/2017 16:05,VR2W-109156,A69-1601-46833,,,,,OCSD_15,33.57755,-117.99200
7/18/2017 16:16,VR2W-114012,A69-1601-46833,,,,,OCSD_10,33.58151,-117.98940
7/18/2017 17:14,VR2W-109156,A69-1601-46833,,,,,OCSD_15,33.57755,-117.99200
7/18/2017 17:14,VR2W-114012,A69-1601-46833,,,,,OCSD_10,33.58151,-117.98940
7/18/2017 17:14,VR2W-109201,A69-1601-46833,,,,,OCSD_20,33.57358,-117.99450
7/18/2017 17:16,VR2W-109156,A69-1601-46833,,,,,OCSD_15,33.57755,-117.99200
7/18/2017 17:21,VR2W-114012,A69-1601-46833,,,,,OCSD_10,33.58151,-117.98940
7/18/2017 17:23,VR2W-114012,A69-1601-46833,,,,,OCSD_10,33.58151,-117.98940
7/18/2017 17:30,VR2W-114012,A69-1601-46833,,,,,OCSD_10,33.58151,-117.98940
7/18/2017 17:45,VR2W-114012,A69-1601-46833,,,,,OCSD_10,33.58151,-117.98940
7/18/2017 17:53,VR2W-114012,A69-1601-46833,,,,,OCSD_10,33.58151,-117.98940
7/18/2017 18:01,VR2W-109201,A69-1601-46833,,,,,OCSD_20,33.57358,-117.99450
7/18/2017 18:15,VR2W-114012,A69-1601-46833,,,,,OCSD_10,33.58151,-117.98940
7/18/2017 18:24,VR2W-114012,A69-1601-46833,,,,,OCSD_10,33.58151,-117.98940
7/18/2017 18:26,VR2W-114012,A69-1601-46833,,,,,OCSD_10,33.58151,-117.98940
7/18/2017 18:26,VR2W-109201,A69-1601-46833,,,,,OCSD_20,33.57358,-117.99450
7/18/2017 18:30,VR2W-114012,A69-1601-46833,,,,,OCSD_10,33.58151,-117.98940
7/18/2017 18:37,VR2W-109156,A69-1601-46833,,,,,OCSD_15,33.57755,-117.99200
7/18/2017 18:37,VR2W-114012,A69-1601-46833,,,,,OCSD_10,33.58151,-117.98940
7/18/2017 19:02,VR2W-109156,A69-1601-46833,,,,,OCSD_15,33.57755,-117.99200
7/18/2017 19:04,VR2W-109156,A69-1601-46833,,,,,OCSD_15,33.57755,-117.99200
7/18/2017 19:18,VR2W-109156,A69-1601-46833,,,,,OCSD_15,33.57755,-117.99200
7/18/2017 19:25,VR2W-109156,A69-1601-46833,,,,,OCSD_15,33.57755,-117.99200
7/18/2017 19:28,VR2W-109156,A69-1601-46833,,,,,OCSD_15,33.57755,-117.99200
7/18/2017 19:30,VR2W-109156,A69-1601-46833,,,,,OCSD_15,33.57755,-117.99200
7/18/2017 19:30,VR2W-114012,A69-1601-46833,,,,,OCSD_10,33.58151,-117.98940
7/18/2017 19:38,VR2W-109156,A69-1601-46833,,,,,OCSD_15,33.57755,-117.99200
7/18/2017 19:41,VR2W-109156,A69-1601-46833,,,,,OCSD_15,33.57755,-117.99200
7/18/2017 19:44,VR2W-109156,A69-1601-46833,,,,,OCSD_15,33.57755,-117.99200
7/18/2017 19:46,VR2W-114012,A69-1601-46833,,,,,OCSD_10,33.58151,-117.98940
7/18/2017 19:57,VR2W-109156,A69-1601-46833,,,,,OCSD_15,33.57755,-117.99200
7/18/2017 20:00,VR2W-109156,A69-1601-46833,,,,,OCSD_15,33.57755,-117.99200
7/18/2017 20:06,VR2W-114012,A69-1601-46833,,,,,OCSD_10,33.58151,-117.98940
7/18/2017 20:10,VR2W-109156,A69-1601-46833,,,,,OCSD_15,33.57755,-117.99200
7/18/2017 20:10,VR2W-114012,A69-1601-46833,,,,,OCSD_10,33.58151,-117.98940
7/18/2017 20:16,VR2W-114012,A69-1601-46833,,,,,OCSD_10,33.58151,-117.98940
7/18/2017 20:21,VR2W-109156,A69-1601-46833,,,,,OCSD_15,33.57755,-117.99200
7/18/2017 20:23,VR2W-109156,A69-1601-46833,,,,,OCSD_15,33.57755,-117.99200
7/18/2017 20:23,VR2W-114012,A69-1601-46833,,,,,OCSD_10,33.58151,-117.98940
7/18/2017 20:26,VR2W-109201,A69-1601-46833,,,,,OCSD_20,33.57358,-117.99450
7/18/2017 20:28,VR2W-109156,A69-1601-46833,,,,,OCSD_15,33.57755,-117.99200
7/18/2017 20:31,VR2W-109156,A69-1601-46833,,,,,OCSD_15,33.57755,-117.99200
7/18/2017 20:35,VR2W-109156,A69-1601-46833,,,,,OCSD_15,33.57755,-117.99200
7/18/2017 20:35,VR2W-114012,A69-1601-46833,,,,,OCSD_10,33.58151,-117.98940
7/18/2017 20:52,VR2W-109156,A69-1601-46833,,,,,OCSD_15,33.57755,-117.99200
7/18/2017 21:17,VR2W-114012,A69-1601-46833,,,,,OCSD_10,33.58151,-117.98940
7/18/2017 21:20,VR2W-114012,A69-1601-46833,,,,,OCSD_10,33.58151,-117.98940
7/18/2017 21:23,VR2W-114012,A69-1601-46833,,,,,OCSD_10,33.58151,-117.98940
7/18/2017 21:29,VR2W-114012,A69-1601-46833,,,,,OCSD_10,33.58151,-117.98940
7/18/2017 21:35,VR2W-114012,A69-1601-46833,,,,,OCSD_10,33.58151,-117.98940
7/18/2017 21:39,VR2W-114012,A69-1601-46833,,,,,OCSD_10,33.58151,-117.98940
7/18/2017 21:43,VR2W-114012,A69-1601-46833,,,,,OCSD_10,33.58151,-117.98940
7/18/2017 21:46,VR2W-114012,A69-1601-46833,,,,,OCSD_10,33.58151,-117.98940
7/18/2017 21:53,VR2W-109156,A69-1601-46833,,,,,OCSD_15,33.57755,-117.99200
7/18/2017 21:58,VR2W-109156,A69-1601-46833,,,,,OCSD_15,33.57755,-117.99200
7/18/2017 22:04,VR2W-109201,A69-1601-46833,,,,,OCSD_20,33.57358,-117.99450
7/18/2017 22:08,VR2W-109156,A69-1601-46833,,,,,OCSD_15,33.57755,-117.99200
7/18/2017 22:11,VR2W-109201,A69-1601-46833,,,,,OCSD_20,33.57358,-117.99450
7/18/2017 22:20,VR2W-114012,A69-1601-46833,,,,,OCSD_10,33.58151,-117.98940
7/18/2017 22:22,VR2W-109156,A69-1601-46833,,,,,OCSD_15,33.57755,-117.99200
7/18/2017 22:31,VR2W-109156,A69-1601-46833,,,,,OCSD_15,33.57755,-117.99200
7/18/2017 22:31,VR2W-109201,A69-1601-46833,,,,,OCSD_20,33.57358,-117.99450
7/18/2017 22:33,VR2W-114012,A69-1601-46833,,,,,OCSD_10,33.58151,-117.98940
7/18/2017 22:43,VR2W-114012,A69-1601-46833,,,,,OCSD_10,33.58151,-117.98940
7/18/2017 23:02,VR2W-114012,A69-1601-46833,,,,,OCSD_10,33.58151,-117.98940
7/18/2017 23:15,VR2W-114012,A69-1601-46833,,,,,OCSD_10,33.58151,-117.98940
7/18/2017 23:25,VR2W-109156,A69-1601-46833,,,,,OCSD_15,33.57755,-117.99200
7/18/2017 23:25,VR2W-114012,A69-1601-46833,,,,,OCSD_10,33.58151,-117.98940
7/18/2017 23:27,VR2W-114012,A69-1601-46833,,,,,OCSD_10,33.58151,-117.98940
7/18/2017 23:40,VR2W-114012,A69-1601-46833,,,,,OCSD_10,33.58151,-117.98940
7/19/2017 00:07,VR2W-109156,A69-1601-46833,,,,,OCSD_15,33.57755,-117.99200
7/19/2017 00:12,VR2W-109156,A69-1601-46833,,,,,OCSD_15,33.57755,-117.99200
7/19/2017 00:21,VR2W-109156,A69-1601-46833,,,,,OCSD_15,33.57755,-117.99200
7/19/2017 00:29,VR2W-109156,A69-1601-46833,,,,,OCSD_15,33.57755,-117.99200
7/19/2017 00:35,VR2W-114012,A69-1601-46833,,,,,OCSD_10,33.58151,-117.98940
7/19/2017 00:40,VR2W-109156,A69-1601-46833,,,,,OCSD_15,33.57755,-117.99200
7/19/2017 00:43,VR2W-109156,A69-1601-46833,,,,,OCSD_15,33.57755,-117.99200
7/19/2017 00:45,VR2W-109156,A69-1601-46833,,,,,OCSD_15,33.57755,-117.99200
7/19/2017 00:56,VR2W-109156,A69-1601-46833,,,,,OCSD_15,33.57755,-117.99200
7/19/2017 00:56,VR2W-114012,A69-1601-46833,,,,,OCSD_10,33.58151,-117.98940
7/19/2017 01:02,VR2W-109156,A69-1601-46833,,,,,OCSD_15,33.57755,-117.99200
7/19/2017 01:02,VR2W-114012,A69-1601-46833,,,,,OCSD_10,33.58151,-117.98940
7/19/2017 01:05,VR2W-114012,A69-1601-46833,,,,,OCSD_10,33.58151,-117.98940
7/19/2017 01:05,VR2W-109201,A69-1601-46833,,,,,OCSD_20,33.57358,-117.99450
7/19/2017 01:07,VR2W-114012,A69-1601-46833,,,,,OCSD_10,33.58151,-117.98940
7/19/2017 01:18,VR2W-109156,A69-1601-46833,,,,,OCSD_15,33.57755,-117.99200
7/19/2017 01:22,VR2W-109156,A69-1601-46833,,,,,OCSD_15,33.57755,-117.99200
7/19/2017 01:22,VR2W-114012,A69-1601-46833,,,,,OCSD_10,33.58151,-117.98940
7/19/2017 01:22,VR2W-109201,A69-1601-46833,,,,,OCSD_20,33.57358,-117.99450
7/19/2017 01:24,VR2W-109156,A69-1601-46833,,,,,OCSD_15,33.57755,-117.99200
7/19/2017 01:24,VR2W-109201,A69-1601-46833,,,,,OCSD_20,33.57358,-117.99450
7/19/2017 01:29,VR2W-109156,A69-1601-46833,,,,,OCSD_15,33.57755,-117.99200
7/19/2017 01:34,VR2W-109156,A69-1601-46833,,,,,OCSD_15,33.57755,-117.99200
7/19/2017 01:42,VR2W-114012,A69-1601-46833,,,,,OCSD_10,33.58151,-117.98940
7/19/2017 01:47,VR2W-109156,A69-1601-46833,,,,,OCSD_15,33.57755,-117.99200
7/19/2017 01:53,VR2W-109156,A69-1601-46833,,,,,OCSD_15,33.57755,-117.99200
7/19/2017 01:53,VR2W-114012,A69-1601-46833,,,,,OCSD_10,33.58151,-117.98940
7/19/2017 01:57,VR2W-109156,A69-1601-46833,,,,,OCSD_15,33.57755,-117.99200
7/19/2017 01:57,VR2W-114012,A69-1601-46833,,,,,OCSD_10,33.58151,-117.98940
7/19/2017 01:59,VR2W-114012,A69-1601-46833,,,,,OCSD_10,33.58151,-117.98940
7/19/2017 02:07,VR2W-114012,A69-1601-46833,,,,,OCSD_10,33.58151,-117.98940
7/19/2017 02:10,VR2W-109156,A69-1601-46833,,,,,OCSD_15,33.57755,-117.99200
7/19/2017 03:59,VR2W-109156,A69-1601-46833,,,,,OCSD_15,33.57755,-117.99200
7/19/2017 04:11,VR2W-129792,A69-1601-46833,,,,,OCSD_5,33.58548,-117.98690
7/19/2017 04:20,VR2W-114012,A69-1601-46833,,,,,OCSD_10,33.58151,-117.98940
7/19/2017 04:46,VR2W-109156,A69-1601-46833,,,,,OCSD_15,33.57755,-117.99200
7/19/2017 07:07,VR2W-114012,A69-1601-46833,,,,,OCSD_10,33.58151,-117.98940
7/19/2017 08:37,VR2W-114012,A69-1601-46833,,,,,OCSD_10,33.58151,-117.98940
7/19/2017 09:41,VR2W-114012,A69-1601-46833,,,,,OCSD_10,33.58151,-117.98940
7/20/2017 00:25,VR2W-114012,A69-1601-46833,,,,,OCSD_10,33.58151,-117.98940
7/20/2017 00:29,VR2W-129792,A69-1601-46833,,,,,OCSD_5,33.58548,-117.98690
8/13/2017 07:46,VR2W-131930,A69-1601-46833,,,,,JWS_NewportPier,33.60333,-117.92516
8/13/2017 07:48,VR2W-131930,A69-1601-46833,,,,,JWS_NewportPier,33.60333,-117.92516
8/13/2017 07:51,VR2W-131930,A69-1601-46833,,,,,JWS_NewportPier,33.60333,-117.92516
8/13/2017 07:53,VR2W-131930,A69-1601-46833,,,,,JWS_NewportPier,33.60333,-117.92516
8/13/2017 07:56,VR2W-131930,A69-1601-46833,,,,,JWS_NewportPier,33.60333,-117.92516
8/13/2017 08:01,VR2W-131930,A69-1601-46833,,,,,JWS_NewportPier,33.60333,-117.92516
8/13/2017 08:11,VR2W-131930,A69-1601-46833,,,,,JWS_NewportPier,33.60333,-117.92516
